"Variable","Source","Type","Domain","NumNA_Of1112","Percent_NA","Num0_Of1112","Percent_0","NumMostFreq_Of1112","Percent_MostFreq","SD_Nuniq","Combine_Code","Remove","THG_predictor"
"NLA12_ID",NA,NA,NA,NA,NA,NA,NA,NA,NA,NA,"","",""
"UID",NA,NA,NA,NA,NA,NA,NA,NA,NA,NA,"","",""
"USGS_ID",NA,NA,NA,NA,NA,NA,NA,NA,NA,NA,"","",""
"USGS_ID_did_not_match_OR_weighed_ready_for_analysis",NA,NA,NA,NA,NA,NA,NA,NA,NA,NA,"","",""
"LAT_DD83","NARS","double","26.07,37.79,41.46,44.87,48.99",0,0,0,0,1,9e-04,4.88064900884155,"","",""
"LON_DD83","NARS","double","-124.23,-107.41,-94.91,-85.26,-67.2",0,0,0,0,1,9e-04,14.7671930380837,"","",""
"DRY_WEIGHT_PERCENT",NA,"double","0.98,7.54,14.6,23.66,92.06",37,0.0333,0,0,4,0.0036,13.4173419746682,"","",""
"LOI_PERCENT",NA,"double","0.26,8.91,14.84,28.07,81.05",36,0.0324,0,0,4,0.0036,15.5162054937713,"","",""
"SMHG_ng_g","NARS","double","0.08,0.41,0.76,1.5,25.99",35,0.0315,0,0,30,0.027,1.76098908291461,"","",""
"STHG_ng_g","NARS","double","4.84,45.98,72.65,134.07,19047.62",35,0.0315,0,0,6,0.0054,703.301523644042,"","",""
"d202_Avg",NA,"double","-1.81,-1.02,-0.83,-0.61,-0.08",702,0.6313,0,0,1,9e-04,0.29986536820567,"","",""
"D199_Avg",NA,"double","-0.54,-0.16,-0.03,0.13,0.69",702,0.6313,0,0,1,9e-04,0.217648742152328,"","",""
"D200_Avg",NA,"double","-0.04,0.04,0.07,0.1,0.26",702,0.6313,0,0,1,9e-04,0.0488697547451401,"","",""
"D201_Avg",NA,"double","-0.47,-0.16,-0.05,0.1,0.6",702,0.6313,0,0,1,9e-04,0.192868720579466,"","",""
"D204_Avg",NA,"double","-0.38,-0.16,-0.09,-0.04,0.13",702,0.6313,0,0,2,0.0018,0.0880793320732696,"","",""
"Gas_Hg_Hg0Conc_ng_m3",NA,"double","0.91,1.19,1.29,1.35,1.61",84,0.0755,0,0,12,0.0108,0.128570768762695,"","",""
"Ionic_Hg2Conc_ng_m3",NA,"double","0,0.01,0.01,0.01,0.04",84,0.0755,0,0,12,0.0108,0.00687702127809126,"","",""
"Particle_Hg_HgPConc_ng_m3",NA,"double","0,0,0,0,0.01",84,0.0755,0,0,12,0.0108,0.00167594323780843,"","",""
"Hg0DryDep",NA,"double","0.19,9.28,11.25,13.64,18.73",84,0.0755,0,0,12,0.0108,3.14123690423123,"","",""
"Hg2DryDep",NA,"double","1.03,3.23,5.23,8.08,22.48",84,0.0755,0,0,12,0.0108,3.94816146734986,"","",""
"HgPDryDep",NA,"double","0.01,0.04,0.07,0.11,0.28",84,0.0755,0,0,12,0.0108,0.0471502778988195,"","",""
"WetLossConv_Loss_of_soluble_species_scavenged_by_cloud_updrafts_in_moist_convection_kg_s",NA,"double","0.13,0.46,0.75,1.39,7.32",84,0.0755,0,0,12,0.0108,0.823536823874044,"","",""
"WetLossLS_Loss_of_soluble_species_in_large_scale_precipitation_kg_s",NA,"double","1.21,6.05,7.61,8.68,14.74",84,0.0755,0,0,12,0.0108,1.7518517031521,"","",""
"pct_WetLossConv",NA,"double","1.91,6.42,9.45,14.43,45.1",84,0.0755,0,0,12,0.0108,6.47756174151246,"","",""
"New_or_revisit_site","NARS","character","NLA07_RVT12,NLA12_BASE,NLA12_BASE_replacement_lake,NLA12_RVT07,NA",0,0,0,0,665,0.598,4,"","",""
"Lake_Area_HA","NARS","double","1.03,10.84,30.15,108.14,167489.61",0,0,0,0,1,9e-04,7440.5403753055,"","",""
"ELEVATION","NARS","double","-53.27,188.71,337.09,706.94,3594.97",0,0,4,0.0036,4,0.0036,760.013384221284,"","",""
"EPA_REG","NARS","character","Region_4,Region_6,Region_9,Region_8,Region_1",0,0,0,0,247,0.2221,10,"","",""
"HUC2","NARS","integer","1,4,9,12,18",0,0,0,0,166,0.1493,5.25434759419331,"","",""
"HUC8","NARS","integer","1010002,4050006,9020105,12062678.25,18100200",0,0,0,0,14,0.0126,5251726.64690183,"","",""
"LAKE_ORIGIN","NARS","character","MAN_MADE,NATURAL,NA,NA,NA",0,0,0,0,610,0.5486,2,"","",""
"LAKE_ORIGIN12","NARS","character","RESERVOIR,MAN_MADE,NATURAL_ENH,NATURAL,MAN_MADE_AB",0,0,0,0,460,0.4137,5,"","",""
"URBAN","NARS","character","Yes,No,NA,NA,NA",0,0,0,0,741,0.6664,2,"","",""
"Littoral_chla_ug_L","NARS","double","0,2.86,7.36,22.91,584.64",0,0,9,0.0081,9,0.0081,59.137438435047,"","",""
"Site_chla_ug_L","NARS","double","0,2.81,7.42,25.03,764.64",0,0,6,0.0054,6,0.0054,55.703169416211,"","",""
"Acidity_cond_class","NARS","character","Good,Fair-lowancdep,Poor-acidmine,Naturalorganicacid,NA",88,0.0791,0,0,1009,0.9074,4,"","",""
"Atrazine_detection_class","NARS","character","Non_detect,Detect,Not Assessed,NA,NA",88,0.0791,0,0,690,0.6205,3,"","",""
"Atrazine_cond_class_based_on_2012_EPA_Level_of_Concern","NARS","character","Non_detect,Blw_04ppb,Abv_04ppb,Not Assessed,NA",88,0.0791,0,0,690,0.6205,4,"","",""
"Atrazine_cond_class_based_on_former_EPA_Level_of_Concern","NARS","character","Non_detect,Blw_10ppb,Not Assessed,NA,NA",88,0.0791,0,0,690,0.6205,3,"","",""
"Benthic_macroinvertebrate_MMI_cond_class","NARS","character","Fair,Not Assessed,Good,Poor,NA",88,0.0791,0,0,345,0.3103,4,"","",""
"Cond_for_Chla_indicator_based_on_CHLX","NARS","character","Good,Poor,Fair,Not Assessed,NA",88,0.0791,0,0,581,0.5225,4,"","",""
"WHO_chla_concentration_rec_risk_cond_class_for_littoral_site","NARS","character","Low,Moderate,High,Not Assessed,No Detect",88,0.0791,0,0,550,0.4946,5,"","",""
"WHO_chla_concentration_rec_risk_cond_class_for_index_site","NARS","character","Moderate,Low,High,Not Assessed,No Detect",88,0.0791,0,0,522,0.4694,5,"","",""
"WHO_cyano_cell_density_rec_risk_cond_classes_for_littoral_site","NARS","character","High,Low,Moderate,Not Assessed,NA",88,0.0791,0,0,620,0.5576,4,"","",""
"WHO_cyano_cell_density_rec_risk_cond_classes_for_index_site","NARS","character","High,Low,Moderate,Not Assessed,NA",88,0.0791,0,0,613,0.5513,4,"","",""
"Dissolved_O2_cond_class","NARS","character","High (>=5 Ppm),Moderate (>3-<5 Ppm),Not Assessed,Low (<=3 Ppm),NA",88,0.0791,0,0,927,0.8336,4,"","",""
"Lake_level_drawdown_exposure_cond","NARS","character","Small,Not Assessed,Medium,Large,NA",88,0.0791,0,0,727,0.6538,4,"","",""
"Shallow_water_habitat_cond_class","NARS","character","Good,Not Assessed,Fair,Poor,NA",88,0.0791,0,0,579,0.5207,4,"","",""
"Lake_habitat_complexity_cond_class","NARS","character","Good,Not Assessed,Poor,Fair,NA",88,0.0791,0,0,442,0.3975,4,"","",""
"WHO_microcystin_rec_risk_cond_class_for_littoral_site","NARS","character","Low,No Detect,Moderate,High,Not Assessed",88,0.0791,0,0,524,0.4712,5,"","",""
"Microcystin_detection_for_index_site","NARS","character","Detect,No Detect,Not Assessed,NA,NA",88,0.0791,0,0,545,0.4901,3,"","",""
"WHO_microcystin_rec_risk_cond_class_for_index_site","NARS","character","Low,No Detect,Moderate,High,Not Assessed",88,0.0791,0,0,545,0.4901,5,"","",""
"Cond_class_based_on_TN","NARS","character","Fair,Poor,Good,NA,NA",88,0.0791,0,0,432,0.3885,3,"","",""
"Cond_class_based_on_TP","NARS","character","Good,Poor,Fair,NA,NA",88,0.0791,0,0,423,0.3804,3,"","",""
"Lakeshore_disturbance_cond_class","NARS","character","Fair,Not Assessed,Poor,Good,NA",88,0.0791,0,0,564,0.5072,4,"","",""
"Riparian_vegetation_cond_class","NARS","character","Fair,Not Assessed,Good,Poor,NA",88,0.0791,0,0,448,0.4029,4,"","",""
"Sediment_MHg_cond_class_for_top_sediment_sample","NARS","character","Medium,Low,Not Assessed,High,NA",88,0.0791,0,0,386,0.3471,4,"","",""
"Sediment_THg_cond_class_for_bottom_sediment_sample","NARS","character","Not Assessed,Low,Medium,High,NA",88,0.0791,0,0,565,0.5081,4,"","",""
"Sediment_THg_cond_class_for_top_sediment_sample","NARS","character","Medium,Not Assessed,High,Low,NA",88,0.0791,0,0,522,0.4694,4,"","",""
"Trophic_state","NARS","character","Eutrophic,Hypereutrophic,Oligotrophic,Mesotrophic,Not Assessed",88,0.0791,0,0,321,0.2887,5,"","",""
"Cond_of_site_based_on_turbidity","NARS","character","Fair,Poor,Good,Not Assessed,NA",88,0.0791,0,0,535,0.4811,4,"","",""
"Zooplankton_MMI_cond_class","NARS","character","Fair,Poor,Good,Not Assessed,NA",88,0.0791,0,0,430,0.3867,4,"","",""
"SITE_DEPTH_m","NARS","double","0.8,2.5,4.5,8.6,58.5",92,0.0827,0,0,25,0.0225,8.19363199477102,"","",""
"COLOR_RESULT_APHA_Pt_Co","NARS","double","0,12,20,30,724",85,0.0764,7,0.0063,75,0.0674,33.9863717788722,"","",""
"CHLORIDE_RESULT_mg_L","NARS","double","0.04,2.2,8.39,21.58,18012.74",84,0.0755,0,0,11,0.0099,576.556388569235,"","",""
"TN_RESULT_mg_L","NARS","double","0.01,0.33,0.65,1.31,54",84,0.0755,0,0,14,0.0126,2.69193887804337,"","",""
"TP_RESULT_ug_L","NARS","double","4,21,42,107,3636",84,0.0755,0,0,22,0.0198,289.930845314137,"","",""
"BENTHIC_COND","NARS","character","Poor,Fair,Good,Not Assessed,NA",109,0.098,0,0,348,0.3129,4,"","",""
"MMI_BENT_NLA12","NARS","double","0,33,43.8,54.6,86.1",200,0.1799,1,9e-04,7,0.0063,15.7918280679635,"","",""
"ZOOPLANKTON_COND","NARS","character","Fair,Poor,Good,NA,NA",87,0.0782,0,0,430,0.3867,3,"","",""
"MMI_ZOOP_NLA6","NARS","double","0.05,44.13,57.55,67.58,94.65",87,0.0782,0,0,3,0.0027,17.7127391264927,"","",""
"Aquatic_macrophytes_index","NARS","double","0,0.06,0.26,0.6,1.79",102,0.0917,102,0.0917,102,0.0917,0.34903175374365,"","",""
"MICX_RESULT_ppb","NARS","double","0,0.05,0.09,0.17,66.69",84,0.0755,237,0.2131,237,0.2131,3.69393050766169,"","",""
"ATRAZINE_RESULT_ppb","NARS","double","0,0,0,0.07,9.7",86,0.0773,694,0.6241,694,0.6241,0.502289220452935,"","",""
"Ave_Temp","NARS","double","0,17.77,21.56,25.19,93.07",24,0.0216,2,0.0018,6,0.0054,6.34372289507828,"","",""
"Max_Temp","NARS","double","0,21,24.3,27.33,273",24,0.0216,2,0.0018,14,0.0126,12.9912098470883,"","",""
"Min_Temp","NARS","double","0,12.49,18.89,23.8,35.5",24,0.0216,2,0.0018,8,0.0072,7.20851884451767,"","",""
"Ave_pH","NARS","double","0,7.21,7.9,8.46,11.87",24,0.0216,7,0.0063,10,0.009,1.16562031328101,"","",""
"Max_pH","NARS","double","0,7.6,8.38,8.77,23.75",24,0.0216,7,0.0063,62,0.0558,1.26280215310223,"","",""
"Min_pH","NARS","double","0,6.69,7.3,8.2,11.4",24,0.0216,7,0.0063,42,0.0378,1.2433610830465,"","",""
"Ave_CONDUCTIVITY_uS_cm","NARS","double","0,42,175.75,429.58,68863.64",24,0.0216,114,0.1025,114,0.1025,3727.04463261154,"","",""
"Max_CONDUCTIVITY_uS_cm","NARS","double","0,53,193.5,466.25,82000",24,0.0216,114,0.1025,114,0.1025,4164.76815707413,"","",""
"Min_CONDUCTIVITY_uS_cm","NARS","double","0,34,160,400.5,66194",24,0.0216,114,0.1025,114,0.1025,3636.33469953833,"","",""
"Ave_OXYGEN_mg_L","NARS","double","0,5.04,6.77,8.2,31.8",24,0.0216,10,0.009,10,0.009,2.65862258417238,"","",""
"Max_OXYGEN_mg_L","NARS","double","0,7.3,8.4,9.8,31.8",24,0.0216,10,0.009,22,0.0198,2.97072223037412,"","",""
"Min_OXYGEN_mg_L","NARS","double","0,0.4,4.2,7.1,31.8",24,0.0216,52,0.0468,52,0.0468,3.6079620825666,"","",""
"SECCHI_m_use_depth_for_clear_to_bottom","NARS","double","0.02,0.68,1.5,3,28",18,0.0162,0,0,20,0.018,2.43079699535081,"","",""
"ALUMINUM_RESULT_mg_L","NARS","double","0,0,0,0.01,2.48",887,0.7977,109,0.098,109,0.098,0.172744041773527,"","",""
"AMMONIA_N_RESULT_mg_N_L","NARS","double","0,0.01,0.01,0.03,3.18",887,0.7977,5,0.0045,25,0.0225,0.216594382948866,"","",""
"ANC_RESULT_ueq_L","NARS","double","-589.6,447.7,1865,2948,15329",887,0.7977,0,0,2,0.0018,1937.38922972939,"","",""
"CALCIUM_RESULT_mg_L","NARS","double","0.48,6.04,23.06,39.29,310.5",887,0.7977,0,0,2,0.0018,29.9483358150657,"","",""
"CHLORIDE_RESULT_mg_L_1","NARS","double","0.07,1.53,7.7,18.33,18012.74",887,0.7977,0,0,2,0.0018,1206.09607865241,"","",""
"COLOR_RESULT_APHA_Pt_Co_1","NARS","double","0,9,15,24,150",887,0.7977,3,0.0027,19,0.0171,23.9545943252169,"","",""
"COND_RESULT_uS_cm","NARS","double","10.41,73.9,224,448,56930",887,0.7977,0,0,3,0.0027,3833.41666607714,"","",""
"DOC_RESULT_mg_L","NARS","double","0.23,3.54,5.95,8.9,33",887,0.7977,0,0,3,0.0027,5.74400203455882,"","",""
"MAGNESIUM_RESULT_mg_L","NARS","double","0.25,1.86,8.07,18.42,1023",887,0.7977,0,0,2,0.0018,70.9861862195774,"","",""
"NITRATE_N_RESULT_mg_N_L","NARS","double","0,0,0,0.02,3.49",887,0.7977,90,0.0809,90,0.0809,0.252007751894029,"","",""
"NITRATE_NITRITE_N_RESULT_mg_N_L","NARS","double","0,0,0,0.02,3.49",887,0.7977,53,0.0477,53,0.0477,0.312870840824919,"","",""
"NITRITE_N_RESULT_mg_N_L","NARS","double","0,0,0,0,0.01",887,0.7977,207,0.1862,207,0.1862,0.000942030060518578,"","",""
"PH_RESULT","NARS","double","3.34,7.57,8.33,8.58,10.47",887,0.7977,0,0,5,0.0045,0.82700891772701,"","",""
"POTASSIUM_RESULT_mg_L","NARS","double","0,0.76,1.72,3.5,388.9",887,0.7977,2,0.0018,4,0.0036,26.3832169342385,"","",""
"TotalP_RESULT_ug_L_1","NARS","double","5,22,37,74,834",887,0.7977,0,0,7,0.0063,120.7163648182,"","",""
"SILICA_RESULT_mg_L","NARS","double","0.02,2.01,5.84,11.28,56.63",887,0.7977,0,0,2,0.0018,9.72771832368722,"","",""
"SODIUM_RESULT_mg_L","NARS","double","0.09,2.2,5.78,20.11,11120",887,0.7977,0,0,2,0.0018,750.38379645532,"","",""
"SULFATE_RESULT_mg_L","NARS","double","0.05,2.61,7.4,25.4,2551.48",887,0.7977,0,0,9,0.0081,225.797119969454,"","",""
"TOC_RESULT","NARS","double","0,0,0,0,36",887,0.7977,187,0.1682,187,0.1682,4.66650862827637,"","",""
"TSS_RESULT_mg_L","NARS","double","0,0,0,0,32",887,0.7977,216,0.1942,216,0.1942,4.11261691106075,"","",""
"TURB_RESULT_NTU","NARS","double","0,1.2,2.37,6.1,82.99",887,0.7977,5,0.0045,5,0.0045,14.482273147399,"","",""
"d18O_H2O","NARS","double","-17.72,-8.24,-4.73,-1.75,8.21",1,9e-04,0,0,1,9e-04,5.09593654820992,"","",""
"dD_H2O","NARS","double","-136.26,-67.63,-38.81,-19.17,38.69",1,9e-04,0,0,1,9e-04,36.6129892096762,"","",""
"Evap_Inflow_ratio","NARS","double","0,0.09,0.21,0.39,2.43",1,9e-04,23,0.0207,23,0.0207,0.270589560584213,"","",""
"RT_yr","NARS","double","0,0.14,0.37,0.88,134.46",1,9e-04,40,0.036,40,0.036,4.12882504915123,"","",""
"Omernik_I","NARS","character","8  EASTERN TEMPERATE FORESTS,13  TEMPERATE SIERRAS,10  NORTH AMERICAN DESERTS,12  SOUTHERN SEMIARID HIGHLANDS,11  MEDITERRANEAN CALIFORNIA",0,0,0,0,434,0.3903,10,"","",""
"Omernik_II","NARS","character","8.4  OZARK/OUACHITA-APPALACHIAN FORESTS,8.3  SOUTHEASTERN USA PLAINS,8.5  MISSISSIPPI ALLUVIAL AND SOUTHEAST USA COASTAL PLAINS,13.1  UPPER GILA MOUNTAINS,10.2  WARM DESERTS",0,0,0,0,151,0.1358,19,"","",""
"Omernik_III","NARS","character","8.4.9  Southwestern Appalachians,8.4.1  Ridge and Valley,8.3.5  Southeastern Plains,8.3.4  Piedmont,8.3.7  South Central Plains",0,0,0,0,68,0.0612,79,"","",""
"Status",NA,"character","Done,Not Done,NA,NA,NA",0,0,0,0,702,0.6313,2,"","",""
"NARS",NA,"character","Yes,NA,NA,NA,NA",0,0,0,0,1112,1,1,"","",""
"COMID","LakeCat","integer","747,6127291.5,11962384.5,18486353.5,167801030",0,0,0,0,1,9e-04,30740211.5386726,"","",""
"CatAreaSqKm","LakeCat","double","0.02,0.87,2.44,7.75,2467.13",0,0,0,0,3,0.0027,122.670469322956,"","",""
"WsAreaSqKm","LakeCat","double","0.02,1.74,10.1,52.44,645020.61",0,0,0,0,3,0.0027,28547.7307748119,"","",""
"CatPctFull","LakeCat","double","63.24,100,100,100,100",0,0,0,0,1110,0.9982,1.37376044460491,"","",""
"WsPctFull","LakeCat","double","46.46,100,100,100,100",0,0,0,0,1100,0.9892,2.74828923362021,"","",""
"inStreamCat","LakeCat","integer","0,0,1,1,1",0,0,372,0.3345,740,0.6655,0.472039027237582,"","",""
"PctAg2006Slp20Cat","LakeCat","double","0,0,0,0,4.99",0,0,973,0.875,973,0.875,0.286813839721568,"","",""
"PctAg2006Slp10Cat","LakeCat","double","0,0,0,0.18,22.59",0,0,698,0.6277,698,0.6277,2.09428664828313,"","",""
"PctAg2006Slp20Ws","LakeCat","double","0,0,0,0,7.17",0,0,835,0.7509,835,0.7509,0.382908512832115,"","",""
"PctAg2006Slp10Ws","LakeCat","double","0,0,0,0.36,25.46",0,0,529,0.4757,529,0.4757,2.14583271170713,"","",""
"CBNFCat","LakeCat","double","0,0,0.24,3.47,42.33",0,0,428,0.3849,428,0.3849,7.29819028757705,"","",""
"FertCat","LakeCat","double","0,0,0.8,9.83,148.29",0,0,425,0.3822,425,0.3822,14.4391670906874,"","",""
"ManureCat","LakeCat","double","0,0,0,0.51,73.49",0,0,596,0.536,596,0.536,5.20179979937403,"","",""
"CBNFWs","LakeCat","double","0,0,0.46,4.55,44.77",0,0,331,0.2977,331,0.2977,8.64998582590137,"","",""
"FertWs","LakeCat","double","0,0,1.53,13.1,148.29",0,0,329,0.2959,329,0.2959,16.0219803371666,"","",""
"ManureWs","LakeCat","double","0,0,0.01,0.82,65.07",0,0,507,0.4559,507,0.4559,5.97918392835236,"","",""
"BFICat","LakeCat","double","5.67,31,50,63,88",0,0,0,0,14,0.0126,18.9551134584284,"","",""
"BFIWs","LakeCat","double","5.76,30.97,50,63.12,88",0,0,0,0,13,0.0117,18.8655886370112,"","",""
"CanalDensCat","LakeCat","double","0,0,0,0,1.57",0,0,1041,0.9362,1041,0.9362,0.107098082550135,"","",""
"CanalDensWs","LakeCat","double","0,0,0,0,1.67",0,0,972,0.8741,972,0.8741,0.111052904169328,"","",""
"CoalMineDensCat","LakeCat","double","0,0,0,0,4.93",0,0,1084,0.9748,1084,0.9748,0.23869115741347,"","",""
"CoalMineDensWs","LakeCat","double","0,0,0,0,4.93",0,0,1058,0.9514,1058,0.9514,0.226297378083734,"","",""
"DamDensCat","LakeCat","double","0,0,0,0.05,8.75",0,0,768,0.6906,768,0.6906,0.639363600942337,"","",""
"DamNIDStorCat","LakeCat","double","0,0,0,232505.64,66796419.55",0,0,770,0.6924,770,0.6924,2836562.83928242,"","",""
"DamNrmStorCat","LakeCat","double","0,0,0,87546.48,35787019.18",0,0,791,0.7113,791,0.7113,1622858.61373764,"","",""
"DamDensWs","LakeCat","double","0,0,0,0.03,6.57",0,0,644,0.5791,644,0.5791,0.336748725414298,"","",""
"DamNIDStorWs","LakeCat","double","0,0,0,66073.35,27145310.27",0,0,645,0.58,645,0.58,872109.306977846,"","",""
"DamNrmStorWs","LakeCat","double","0,0,0,28136.33,14607301.43",0,0,666,0.5989,666,0.5989,498853.482746416,"","",""
"ElevCat","LakeCat","double","-52.51,206.47,357.86,739.07,3823.54",0,0,0,0,2,0.0018,781.165172060949,"","",""
"ElevWs","LakeCat","double","-52.65,226.9,375.31,892.64,3823.54",0,0,0,0,1,9e-04,833.194002980749,"","",""
"NPDESDensCat","LakeCat","double","0,0,0,0,0.07",0,0,1103,0.9919,1103,0.9919,0.0032447695073086,"","",""
"SuperfundDensCat","LakeCat","double","0,0,0,0,1.29",0,0,1100,0.9892,1100,0.9892,0.0391893818429255,"","",""
"TRIDensCat","LakeCat","double","0,0,0,0,2.39",0,0,1071,0.9631,1071,0.9631,0.0980878886764694,"","",""
"NPDESDensWs","LakeCat","double","0,0,0,0,0.22",0,0,1034,0.9299,1034,0.9299,0.00710753711832535,"","",""
"SuperfundDensWs","LakeCat","double","0,0,0,0,0.45",0,0,1029,0.9254,1029,0.9254,0.0138988135417097,"","",""
"TRIDensWs","LakeCat","double","0,0,0,0,2.39",0,0,966,0.8687,966,0.8687,0.100490713927121,"","",""
"PctFire2000Cat","LakeCat","double","0,0,0,0,32.36",0,0,1110,0.9982,1110,0.9982,0.970316743233324,"","",""
"PctFire2001Cat","LakeCat","double","0,0,0,0,13.8",0,0,1107,0.9955,1107,0.9955,0.414166290729399,"","",""
"PctFire2002Cat","LakeCat","double","0,0,0,0,96.34",0,0,1108,0.9964,1108,0.9964,3.49963467530912,"","",""
"PctFire2003Cat","LakeCat","double","0,0,0,0,35.95",0,0,1108,0.9964,1108,0.9964,1.58136067387867,"","",""
"PctFire2004Cat","LakeCat","double","0,0,0,0,10.27",0,0,1110,0.9982,1110,0.9982,0.323395519355838,"","",""
"PctFire2005Cat","LakeCat","double","0,0,0,0,38.03",0,0,1109,0.9973,1109,0.9973,1.20352248730318,"","",""
"PctFire2006Cat","LakeCat","double","0,0,0,0,8.4",0,0,1109,0.9973,1109,0.9973,0.25215347780065,"","",""
"PctFire2007Cat","LakeCat","double","0,0,0,0,99.36",0,0,1101,0.9901,1101,0.9901,3.21726293237286,"","",""
"PctFire2008Cat","LakeCat","double","0,0,0,0,100",0,0,1107,0.9955,1107,0.9955,3.35029799984315,"","",""
"PctFire2009Cat","LakeCat","double","0,0,0,0,0.64",0,0,1110,0.9982,1110,0.9982,0.0192328634999599,"","",""
"PctFire2010Cat","LakeCat","integer","0,0,0,0,0",0,0,1112,1,1112,1,0,"","",""
"PctFire2000Ws","LakeCat","double","0,0,0,0,20.26",0,0,1100,0.9892,1100,0.9892,0.607599383976963,"","",""
"PctFire2001Ws","LakeCat","double","0,0,0,0,30.2",0,0,1088,0.9784,1088,0.9784,0.936480817044956,"","",""
"PctFire2002Ws","LakeCat","double","0,0,0,0,50.86",0,0,1080,0.9712,1080,0.9712,1.99065514703428,"","",""
"PctFire2003Ws","LakeCat","double","0,0,0,0,27.7",0,0,1085,0.9757,1085,0.9757,1.12840119031717,"","",""
"PctFire2004Ws","LakeCat","double","0,0,0,0,7.24",0,0,1091,0.9811,1091,0.9811,0.33222572448905,"","",""
"PctFire2005Ws","LakeCat","double","0,0,0,0,45.24",0,0,1088,0.9784,1088,0.9784,1.3657138381179,"","",""
"PctFire2006Ws","LakeCat","double","0,0,0,0,13.03",0,0,1083,0.9739,1083,0.9739,0.659949636594358,"","",""
"PctFire2007Ws","LakeCat","double","0,0,0,0,99.67",0,0,1072,0.964,1072,0.964,3.6478458872295,"","",""
"PctFire2008Ws","LakeCat","double","0,0,0,0,80.8",0,0,1086,0.9766,1086,0.9766,3.63788958303981,"","",""
"PctFire2009Ws","LakeCat","double","0,0,0,0,1.1",0,0,1095,0.9847,1095,0.9847,0.05149173804849,"","",""
"PctFire2010Ws","LakeCat","double","0,0,0,0,1.38",0,0,1088,0.9784,1088,0.9784,0.0575835724211417,"","",""
"PctFrstLoss2001Cat","LakeCat","double","0,0,0,0.01,17.69",0,0,776,0.6978,776,0.6978,0.95750494516491,"","",""
"PctFrstLoss2002Cat","LakeCat","double","0,0,0,0.01,19.09",0,0,783,0.7041,783,0.7041,0.878175287415244,"","",""
"PctFrstLoss2003Cat","LakeCat","double","0,0,0,0,10.55",0,0,871,0.7833,871,0.7833,0.64887852103086,"","",""
"PctFrstLoss2004Cat","LakeCat","double","0,0,0,0.02,23.16",0,0,770,0.6924,770,0.6924,1.12830467728,"","",""
"PctFrstLoss2005Cat","LakeCat","double","0,0,0,0.01,35.74",0,0,789,0.7095,789,0.7095,1.36012627681862,"","",""
"PctFrstLoss2006Cat","LakeCat","double","0,0,0,0.01,17.16",0,0,798,0.7176,798,0.7176,0.917936035701031,"","",""
"PctFrstLoss2007Cat","LakeCat","double","0,0,0,0.01,23.47",0,0,781,0.7023,781,0.7023,1.08322334982462,"","",""
"PctFrstLoss2008Cat","LakeCat","double","0,0,0,0.02,20.32",0,0,781,0.7023,781,0.7023,1.13797935459564,"","",""
"PctFrstLoss2009Cat","LakeCat","double","0,0,0,0,13.93",0,0,839,0.7545,839,0.7545,0.765782970156891,"","",""
"PctFrstLoss2010Cat","LakeCat","double","0,0,0,0,23",0,0,823,0.7401,823,0.7401,0.796090620391866,"","",""
"PctFrstLoss2011Cat","LakeCat","double","0,0,0,0,10.15",0,0,846,0.7608,846,0.7608,0.651672964896749,"","",""
"PctFrstLoss2012Cat","LakeCat","double","0,0,0,0.01,9.88",0,0,801,0.7203,801,0.7203,0.555124677292121,"","",""
"PctFrstLoss2013Cat","LakeCat","double","0,0,0,0,19.14",0,0,827,0.7437,827,0.7437,0.832184200988848,"","",""
"PctFrstLoss2001Ws","LakeCat","double","0,0,0,0.05,11.08",0,0,575,0.5171,575,0.5171,0.733944910339698,"","",""
"PctFrstLoss2002Ws","LakeCat","double","0,0,0,0.05,23",0,0,558,0.5018,558,0.5018,1.02110156644553,"","",""
"PctFrstLoss2003Ws","LakeCat","double","0,0,0,0.02,10.08",0,0,657,0.5908,657,0.5908,0.619359595212266,"","",""
"PctFrstLoss2004Ws","LakeCat","double","0,0,0,0.08,11.09",0,0,555,0.4991,555,0.4991,0.897083644888829,"","",""
"PctFrstLoss2005Ws","LakeCat","double","0,0,0,0.07,35.74",0,0,569,0.5117,569,0.5117,1.47627199267474,"","",""
"PctFrstLoss2006Ws","LakeCat","double","0,0,0,0.07,13.38",0,0,587,0.5279,587,0.5279,0.744958588047,"","",""
"PctFrstLoss2007Ws","LakeCat","double","0,0,0,0.06,22.69",0,0,564,0.5072,564,0.5072,0.900181134013572,"","",""
"PctFrstLoss2008Ws","LakeCat","double","0,0,0,0.06,30.57",0,0,562,0.5054,562,0.5054,1.35988253388967,"","",""
"PctFrstLoss2009Ws","LakeCat","double","0,0,0,0.03,13.45",0,0,640,0.5755,640,0.5755,0.786086537762872,"","",""
"PctFrstLoss2010Ws","LakeCat","double","0,0,0,0.05,10.6",0,0,594,0.5342,594,0.5342,0.56535656800665,"","",""
"PctFrstLoss2011Ws","LakeCat","double","0,0,0,0.04,21.34",0,0,626,0.5629,626,0.5629,0.838074242785278,"","",""
"PctFrstLoss2012Ws","LakeCat","double","0,0,0,0.05,9.88",0,0,604,0.5432,604,0.5432,0.537432552036466,"","",""
"PctFrstLoss2013Ws","LakeCat","double","0,0,0,0.03,11.96",0,0,613,0.5513,613,0.5513,0.596324251688846,"","",""
"Al2O3Cat","LakeCat","double","0.16,8.6,11.28,13.4,21.09",2,0.0018,0,0,50,0.045,3.55257739318708,"","",""
"CaOCat","LakeCat","double","0.2,1.31,2.77,7.74,48.2",2,0.0018,0,0,50,0.045,7.43551913928325,"","",""
"Fe2O3Cat","LakeCat","double","0.6,3.17,5.71,11.36,33.74",2,0.0018,0,0,50,0.045,6.67123155715307,"","",""
"K2OCat","LakeCat","double","0.18,1.58,1.99,2.34,4.72",2,0.0018,0,0,50,0.045,0.73796643209135,"","",""
"MgOCat","LakeCat","double","0.16,1.11,1.51,2.6,26.1",2,0.0018,0,0,50,0.045,2.56903050764733,"","",""
"Na2OCat","LakeCat","double","0.09,0.68,1.19,1.82,4.25",2,0.0018,0,0,50,0.045,0.920944026261052,"","",""
"P2O5Cat","LakeCat","double","0.02,0.12,0.15,0.19,1.94",2,0.0018,0,0,50,0.045,0.131073898170118,"","",""
"SCat","LakeCat","double","0.01,0.03,0.06,0.19,8.28",2,0.0018,0,0,50,0.045,0.526318959072214,"","",""
"SiO2Cat","LakeCat","double","1.87,46.27,55.83,64,80.82",2,0.0018,0,0,50,0.045,13.2521002222381,"","",""
"Al2O3Ws","LakeCat","double","0.16,8.76,11.41,13.4,21.09",2,0.0018,0,0,48,0.0432,3.4840511628303,"","",""
"CaOWs","LakeCat","double","0.34,1.39,3.19,8.05,48.2",2,0.0018,0,0,48,0.0432,7.29082434990353,"","",""
"Fe2O3Ws","LakeCat","double","0.6,3.23,5.66,9.84,33.23",2,0.0018,0,0,48,0.0432,6.07624000038133,"","",""
"K2OWs","LakeCat","double","0.18,1.63,2.05,2.4,4.7",2,0.0018,0,0,48,0.0432,0.726423806361736,"","",""
"MgOWs","LakeCat","double","0.18,1.17,1.61,2.77,26.1",2,0.0018,0,0,48,0.0432,2.48757128061572,"","",""
"Na2OWs","LakeCat","double","0.09,0.7,1.2,1.93,4.25",2,0.0018,0,0,48,0.0432,0.940768153484666,"","",""
"P2O5Ws","LakeCat","double","0.02,0.13,0.15,0.19,1.94",2,0.0018,0,0,48,0.0432,0.0998127717026443,"","",""
"SWs","LakeCat","double","0.01,0.03,0.06,0.19,8.35",2,0.0018,0,0,48,0.0432,0.432980933506413,"","",""
"SiO2Ws","LakeCat","double","1.87,46.27,56.65,63.63,80.85",2,0.0018,0,0,48,0.0432,12.8027685470301,"","",""
"NCat","LakeCat","double","0,0.04,0.14,0.33,1.59",2,0.0018,0,0,60,0.054,0.24287540240464,"","",""
"NWs","LakeCat","double","0,0.04,0.12,0.28,1.59",2,0.0018,0,0,57,0.0513,0.224154652462888,"","",""
"HydrlCondCat","LakeCat","double","0,0.07,0.22,17.93,364.63",2,0.0018,0,0,50,0.045,71.2876781133364,"","",""
"HydrlCondWs","LakeCat","double","0,0.08,0.27,14.64,358.52",2,0.0018,0,0,48,0.0432,60.9903478237405,"","",""
"CompStrgthCat","LakeCat","double","0.16,1.45,60.3,97.17,224.01",2,0.0018,0,0,50,0.045,56.1928215052719,"","",""
"CompStrgthWs","LakeCat","double","0.16,1.45,65.96,105.79,224.01",2,0.0018,0,0,48,0.0432,55.790755207033,"","",""
"PctImp2006Cat","LakeCat","double","0,0.08,0.32,1.11,62.36",0,0,152,0.1367,152,0.1367,6.3323993320071,"","",""
"PctImp2006Ws","LakeCat","double","0,0.1,0.36,1.17,62.36",0,0,119,0.107,119,0.107,6.20268845875,"","",""
"PctImp2011Cat","LakeCat","double","0,0.08,0.33,1.16,62.18",0,0,151,0.1358,151,0.1358,6.66544876644429,"","",""
"PctImp2011Ws","LakeCat","double","0,0.1,0.36,1.25,62.18",0,0,118,0.1061,118,0.1061,6.52438895014244,"","",""
"AgKffactCat","LakeCat","double","0,0,0,0.06,0.34",0,0,425,0.3822,425,0.3822,0.069044757166946,"","",""
"KffactCat","LakeCat","double","0,0.2,0.27,0.33,0.55",0,0,0,0,32,0.0288,0.0870205364857879,"","",""
"AgKffactWs","LakeCat","double","0,0,0.01,0.09,0.36",0,0,329,0.2959,329,0.2959,0.0789240673178928,"","",""
"KffactWs","LakeCat","double","0.01,0.22,0.28,0.33,0.55",0,0,0,0,27,0.0243,0.0818647403960315,"","",""
"PctCarbResidCat","LakeCat","double","0,0,0,0,100",0,0,1075,0.9667,1075,0.9667,13.2708476624619,"","",""
"PctNonCarbResidCat","LakeCat","double","0,0,0,0,100",0,0,846,0.7608,846,0.7608,35.2126642531358,"","",""
"PctAlkIntruVolCat","LakeCat","double","0,0,0,0,77.11",0,0,1110,0.9982,1110,0.9982,2.35314245564764,"","",""
"PctSilicicCat","LakeCat","double","0,0,0,0,100",0,0,946,0.8507,946,0.8507,28.8343146257293,"","",""
"PctExtruVolCat","LakeCat","double","0,0,0,0,100",0,0,1085,0.9757,1085,0.9757,10.1159983389209,"","",""
"PctColluvSedCat","LakeCat","double","0,0,0,0,100",0,0,1021,0.9182,1021,0.9182,22.8843202079119,"","",""
"PctGlacTilClayCat","LakeCat","double","0,0,0,0,100",0,0,1082,0.973,1082,0.973,13.7255382794643,"","",""
"PctGlacTilLoamCat","LakeCat","double","0,0,0,0.02,100",0,0,833,0.7491,833,0.7491,37.364783942345,"","",""
"PctGlacTilCrsCat","LakeCat","double","0,0,0,0,100",0,0,988,0.8885,988,0.8885,26.575026746939,"","",""
"PctGlacLakeCrsCat","LakeCat","double","0,0,0,0,100",0,0,927,0.8336,927,0.8336,29.2030242207431,"","",""
"PctGlacLakeFineCat","LakeCat","double","0,0,0,0,100",0,0,1075,0.9667,1075,0.9667,11.6328438736006,"","",""
"PctHydricCat","LakeCat","double","0,0,0,0,100",0,0,1099,0.9883,1099,0.9883,6.97399446841999,"","",""
"PctEolCrsCat","LakeCat","double","0,0,0,0,100",0,0,1081,0.9721,1081,0.9721,12.4040101649126,"","",""
"PctEolFineCat","LakeCat","double","0,0,0,0,100",0,0,1085,0.9757,1085,0.9757,8.80918075859274,"","",""
"PctSalLakeCat","LakeCat","double","0,0,0,0,100",0,0,1098,0.9874,1098,0.9874,9.1486648970278,"","",""
"PctAlluvCoastCat","LakeCat","double","0,0,0,0,100",0,0,889,0.7995,889,0.7995,30.1130855989774,"","",""
"PctCoastCrsCat","LakeCat","double","0,0,0,0,100",0,0,1096,0.9856,1096,0.9856,8.21865100741062,"","",""
"PctWaterCat","LakeCat","double","0,0,0,0,91.46",0,0,1039,0.9344,1039,0.9344,10.4092731567847,"","",""
"PctCarbResidWs","LakeCat","double","0,0,0,0,100",0,0,1029,0.9254,1029,0.9254,13.4918635353721,"","",""
"PctNonCarbResidWs","LakeCat","double","0,0,0,13.73,100",0,0,790,0.7104,790,0.7104,34.8216725173979,"","",""
"PctAlkIntruVolWs","LakeCat","double","0,0,0,0,77.11",0,0,1103,0.9919,1103,0.9919,2.49276112963442,"","",""
"PctSilicicWs","LakeCat","double","0,0,0,0,100",0,0,898,0.8076,898,0.8076,30.3305984052446,"","",""
"PctExtruVolWs","LakeCat","double","0,0,0,0,100",0,0,1066,0.9586,1066,0.9586,9.66829804207126,"","",""
"PctColluvSedWs","LakeCat","double","0,0,0,0,100",0,0,994,0.8939,994,0.8939,23.0094570966206,"","",""
"PctGlacTilClayWs","LakeCat","double","0,0,0,0,100",0,0,1076,0.9676,1076,0.9676,14.4106705082891,"","",""
"PctGlacTilLoamWs","LakeCat","double","0,0,0,17.84,100",0,0,804,0.723,804,0.723,37.6683097738596,"","",""
"PctGlacTilCrsWs","LakeCat","double","0,0,0,0,100",0,0,953,0.857,953,0.857,26.026698648542,"","",""
"PctGlacLakeCrsWs","LakeCat","double","0,0,0,0,100",0,0,908,0.8165,908,0.8165,25.5513455597123,"","",""
"PctGlacLakeFineWs","LakeCat","double","0,0,0,0,100",0,0,1065,0.9577,1065,0.9577,9.21772184272232,"","",""
"PctHydricWs","LakeCat","double","0,0,0,0,100",0,0,1097,0.9865,1097,0.9865,4.99864048329123,"","",""
"PctEolCrsWs","LakeCat","double","0,0,0,0,100",0,0,1067,0.9595,1067,0.9595,12.3545077344307,"","",""
"PctEolFineWs","LakeCat","double","0,0,0,0,100",0,0,1070,0.9622,1070,0.9622,8.88386669413442,"","",""
"PctSalLakeWs","LakeCat","double","0,0,0,0,100",0,0,1095,0.9847,1095,0.9847,6.05472709893274,"","",""
"PctAlluvCoastWs","LakeCat","double","0,0,0,0,100",0,0,850,0.7644,850,0.7644,27.5503541739365,"","",""
"PctCoastCrsWs","LakeCat","double","0,0,0,0,100",0,0,1095,0.9847,1095,0.9847,9.10186933072039,"","",""
"PctWaterWs","LakeCat","double","0,0,0,0,70.21",0,0,1020,0.9173,1020,0.9173,3.66908704889023,"","",""
"MineDensCat","LakeCat","double","0,0,0,0,1.29",0,0,1093,0.9829,1093,0.9829,0.0446010769187712,"","",""
"MineDensWs","LakeCat","double","0,0,0,0,0.49",0,0,1022,0.9191,1022,0.9191,0.0246496190904954,"","",""
"NABD_DensCat","LakeCat","double","0,0,0,0,8.75",0,0,881,0.7923,881,0.7923,0.56764098583278,"","",""
"NABD_NIDStorCat","LakeCat","double","0,0,0,0,78195889.11",0,0,883,0.7941,883,0.7941,3309538.18452985,"","",""
"NABD_NrmStorCat","LakeCat","double","0,0,0,0,78195889.11",0,0,898,0.8076,898,0.8076,2683748.19694237,"","",""
"NABD_DensWs","LakeCat","double","0,0,0,0.01,3.95",0,0,733,0.6592,733,0.6592,0.200086098944499,"","",""
"NABD_NIDStorWs","LakeCat","double","0,0,0,23527.87,5819642.77",0,0,736,0.6619,736,0.6619,338532.22434345,"","",""
"NABD_NrmStorWs","LakeCat","double","0,0,0,9903.03,5819642.77",0,0,754,0.6781,754,0.6781,274958.885899266,"","",""
"InorgNWetDep_2008Cat","LakeCat","double","0.16,2.21,3.67,4.75,8.54",2,0.0018,0,0,2,0.0018,1.68111247430984,"","",""
"NH4_2008Cat","LakeCat","double","0.12,1.43,2.47,3.54,7.77",2,0.0018,0,0,2,0.0018,1.30052811231475,"","",""
"NO3_2008Cat","LakeCat","double","0.27,4.09,6.96,9.87,15.15",2,0.0018,0,0,2,0.0018,3.54815531295174,"","",""
"SN_2008Cat","LakeCat","double","16.45,231.92,438.94,592.65,954.1",2,0.0018,0,0,2,0.0018,221.285907762937,"","",""
"InorgNWetDep_2008Ws","LakeCat","double","0.16,2.34,3.68,4.77,8.54",2,0.0018,0,0,1,9e-04,1.62404644891467,"","",""
"NH4_2008Ws","LakeCat","double","0.12,1.54,2.47,3.53,7.77",2,0.0018,0,0,1,9e-04,1.25871672034347,"","",""
"NO3_2008Ws","LakeCat","double","0.28,4.29,6.98,9.89,15.02",2,0.0018,0,0,1,9e-04,3.45645085757345,"","",""
"SN_2008Ws","LakeCat","double","16.8,249.14,438.24,591.73,946.12",2,0.0018,0,0,1,9e-04,215.873907512193,"","",""
"PctOw2006Cat","LakeCat","double","0,7.08,13.84,23.58,89.29",0,0,17,0.0153,17,0.0153,13.8251156618956,"","",""
"PctIce2006Cat","LakeCat","double","0,0,0,0,15.54",0,0,1107,0.9955,1107,0.9955,0.583081785209618,"","",""
"PctUrbOp2006Cat","LakeCat","double","0,0.06,2.74,5.92,71.53",0,0,272,0.2446,272,0.2446,7.38707813238254,"","",""
"PctUrbLo2006Cat","LakeCat","double","0,0,0.05,1.62,48.64",0,0,525,0.4721,525,0.4721,6.79131318750674,"","",""
"PctUrbMd2006Cat","LakeCat","double","0,0,0,0.09,52.73",0,0,765,0.6879,765,0.6879,5.02561402186604,"","",""
"PctUrbHi2006Cat","LakeCat","double","0,0,0,0,37.21",0,0,928,0.8345,928,0.8345,1.94716761808468,"","",""
"PctBl2006Cat","LakeCat","double","0,0,0,0.04,81.54",0,0,806,0.7248,806,0.7248,4.76632423522276,"","",""
"PctDecid2006Cat","LakeCat","double","0,0,3.78,25.85,93.48",0,0,356,0.3201,356,0.3201,21.6468031024487,"","",""
"PctConif2006Cat","LakeCat","double","0,0,0.92,14.13,98.66",0,0,403,0.3624,403,0.3624,21.930169317975,"","",""
"PctMxFst2006Cat","LakeCat","double","0,0,0,2,53.36",0,0,644,0.5791,644,0.5791,8.3705222194348,"","",""
"PctShrb2006Cat","LakeCat","double","0,0,0.45,6.32,92.58",0,0,452,0.4065,452,0.4065,18.0648713325721,"","",""
"PctGrs2006Cat","LakeCat","double","0,0,1.12,9.51,97.55",0,0,363,0.3264,363,0.3264,20.757506653543,"","",""
"PctHay2006Cat","LakeCat","double","0,0,0.01,6.46,85.08",0,0,554,0.4982,554,0.4982,12.179455839651,"","",""
"PctCrop2006Cat","LakeCat","double","0,0,0,9.38,92.75",0,0,593,0.5333,593,0.5333,17.2421911841276,"","",""
"PctWdWet2006Cat","LakeCat","double","0,0,0.7,4.65,77.6",0,0,391,0.3516,391,0.3516,10.1961764622807,"","",""
"PctHbWet2006Cat","LakeCat","double","0,0,0.1,1.69,63.8",0,0,516,0.464,516,0.464,4.43844669102145,"","",""
"PctOw2006Ws","LakeCat","double","0,1.75,5.22,12.23,85.53",0,0,11,0.0099,11,0.0099,11.2000746942186,"","",""
"PctIce2006Ws","LakeCat","double","0,0,0,0,15.54",0,0,1080,0.9712,1080,0.9712,0.785199737110581,"","",""
"PctUrbOp2006Ws","LakeCat","double","0,0.46,2.92,5.41,71.53",0,0,224,0.2014,224,0.2014,7.09938360459249,"","",""
"PctUrbLo2006Ws","LakeCat","double","0,0,0.21,1.75,48.64",0,0,397,0.357,397,0.357,6.22497451295841,"","",""
"PctUrbMd2006Ws","LakeCat","double","0,0,0,0.16,52.73",0,0,626,0.5629,626,0.5629,4.79428665614994,"","",""
"PctUrbHi2006Ws","LakeCat","double","0,0,0,0,37.21",0,0,815,0.7329,815,0.7329,2.16423382706643,"","",""
"PctBl2006Ws","LakeCat","double","0,0,0,0.14,81.54",0,0,637,0.5728,637,0.5728,5.20917526185031,"","",""
"PctDecid2006Ws","LakeCat","double","0,0.01,4.58,27.33,96.81",0,0,268,0.241,268,0.241,22.7780393519439,"","",""
"PctConif2006Ws","LakeCat","double","0,0,1.69,16.96,98.66",0,0,310,0.2788,310,0.2788,23.2921457791577,"","",""
"PctMxFst2006Ws","LakeCat","double","0,0,0.01,2.41,59.69",0,0,535,0.4811,535,0.4811,8.48775785505813,"","",""
"PctShrb2006Ws","LakeCat","double","0,0,0.69,9.02,99.28",0,0,360,0.3237,360,0.3237,18.6081998441888,"","",""
"PctGrs2006Ws","LakeCat","double","0,0.05,1.68,10.5,99.01",0,0,256,0.2302,256,0.2302,21.8537347050497,"","",""
"PctHay2006Ws","LakeCat","double","0,0,0.63,9.11,85.08",0,0,436,0.3921,436,0.3921,12.582729537166,"","",""
"PctCrop2006Ws","LakeCat","double","0,0,0.26,14.35,97.51",0,0,483,0.4344,483,0.4344,20.0060809289431,"","",""
"PctWdWet2006Ws","LakeCat","double","0,0,0.53,4.39,77.6",0,0,297,0.2671,297,0.2671,9.75990948886092,"","",""
"PctHbWet2006Ws","LakeCat","double","0,0,0.16,1.26,63.8",0,0,412,0.3705,412,0.3705,3.58789958107885,"","",""
"PctOw2011Cat","LakeCat","double","0,7.3,13.96,23.8,85.53",0,0,15,0.0135,15,0.0135,13.9151054173151,"","",""
"PctIce2011Cat","LakeCat","double","0,0,0,0,15.54",0,0,1107,0.9955,1107,0.9955,0.583081785209618,"","",""
"PctUrbOp2011Cat","LakeCat","double","0,0.09,2.79,5.97,71.53",0,0,267,0.2401,267,0.2401,7.52299311670282,"","",""
"PctUrbLo2011Cat","LakeCat","double","0,0,0.08,1.63,45.11",0,0,517,0.4649,517,0.4649,6.60423506745321,"","",""
"PctUrbMd2011Cat","LakeCat","double","0,0,0,0.16,52.73",0,0,710,0.6385,710,0.6385,5.35604801774339,"","",""
"PctUrbHi2011Cat","LakeCat","double","0,0,0,0,36.19",0,0,903,0.8121,903,0.8121,2.03849825814279,"","",""
"PctBl2011Cat","LakeCat","double","0,0,0,0.07,81.54",0,0,790,0.7104,790,0.7104,4.59280653432845,"","",""
"PctDecid2011Cat","LakeCat","double","0,0,3.87,25.59,93.48",0,0,344,0.3094,344,0.3094,21.4157174622531,"","",""
"PctConif2011Cat","LakeCat","double","0,0,1.02,13.97,98.66",0,0,404,0.3633,404,0.3633,21.4685110914903,"","",""
"PctMxFst2011Cat","LakeCat","double","0,0,0,2.06,53.47",0,0,638,0.5737,638,0.5737,8.18365634505616,"","",""
"PctShrb2011Cat","LakeCat","double","0,0,0.56,7.47,92.58",0,0,428,0.3849,428,0.3849,17.9389896236975,"","",""
"PctGrs2011Cat","LakeCat","double","0,0,1.28,9.74,97.55",0,0,327,0.2941,327,0.2941,20.513344480787,"","",""
"PctHay2011Cat","LakeCat","double","0,0,0.01,6.42,85.08",0,0,554,0.4982,554,0.4982,12.1038471033694,"","",""
"PctCrop2011Cat","LakeCat","double","0,0,0,9.44,91.7",0,0,595,0.5351,595,0.5351,17.2291100212487,"","",""
"PctWdWet2011Cat","LakeCat","double","0,0,0.76,4.64,77.6",0,0,381,0.3426,381,0.3426,10.1277617532862,"","",""
"PctHbWet2011Cat","LakeCat","double","0,0,0.13,1.7,63.8",0,0,492,0.4424,492,0.4424,4.59541760387991,"","",""
"PctOw2011Ws","LakeCat","double","0,1.8,5.32,12.55,85.53",0,0,9,0.0081,9,0.0081,11.2862855124266,"","",""
"PctIce2011Ws","LakeCat","double","0,0,0,0,15.54",0,0,1080,0.9712,1080,0.9712,0.785104898900425,"","",""
"PctUrbOp2011Ws","LakeCat","double","0,0.47,3,5.5,71.53",0,0,220,0.1978,220,0.1978,7.2584935399553,"","",""
"PctUrbLo2011Ws","LakeCat","double","0,0,0.22,1.78,45.11",0,0,391,0.3516,391,0.3516,5.99461792407192,"","",""
"PctUrbMd2011Ws","LakeCat","double","0,0,0,0.25,52.73",0,0,575,0.5171,575,0.5171,5.09641666528358,"","",""
"PctUrbHi2011Ws","LakeCat","double","0,0,0,0.02,36.19",0,0,772,0.6942,772,0.6942,2.27891415157046,"","",""
"PctBl2011Ws","LakeCat","double","0,0,0,0.17,81.54",0,0,623,0.5603,623,0.5603,5.20433189937365,"","",""
"PctDecid2011Ws","LakeCat","double","0,0.02,4.32,26.55,96.81",0,0,256,0.2302,256,0.2302,22.5290242310548,"","",""
"PctConif2011Ws","LakeCat","double","0,0,1.66,16.65,98.66",0,0,309,0.2779,309,0.2779,22.8304572381365,"","",""
"PctMxFst2011Ws","LakeCat","double","0,0,0.02,2.45,58.11",0,0,529,0.4757,529,0.4757,8.23215003457713,"","",""
"PctShrb2011Ws","LakeCat","double","0,0,0.84,9.82,99.28",0,0,329,0.2959,329,0.2959,18.5822523782429,"","",""
"PctGrs2011Ws","LakeCat","double","0,0.14,1.88,10.76,99.01",0,0,223,0.2005,223,0.2005,21.6449816371001,"","",""
"PctHay2011Ws","LakeCat","double","0,0,0.61,8.9,85.08",0,0,436,0.3921,436,0.3921,12.5059842662536,"","",""
"PctCrop2011Ws","LakeCat","double","0,0,0.24,14.61,97.39",0,0,486,0.4371,486,0.4371,20.0090758508348,"","",""
"PctWdWet2011Ws","LakeCat","double","0,0,0.57,4.75,77.6",0,0,289,0.2599,289,0.2599,9.70331717196995,"","",""
"PctHbWet2011Ws","LakeCat","double","0,0,0.21,1.31,63.8",0,0,387,0.348,387,0.348,3.64086615642965,"","",""
"PctNonAgIntrodManagVegCat","LakeCat","double","0,0,0.03,1.94,82.14",0,0,534,0.4802,534,0.4802,10.1017145140436,"","",""
"PctNonAgIntrodManagVegWs","LakeCat","double","0,0,0.08,2.13,79.19",0,0,446,0.4011,446,0.4011,10.4003869800016,"","",""
"PctNo_GAP_StatusCat","LakeCat","double","0,21.67,84.33,100,100",0,0,162,0.1457,390,0.3507,40.2995609639111,"","",""
"PctGAP_Status1Cat","LakeCat","double","0,0,0,0,100",0,0,1026,0.9227,1026,0.9227,17.231157645108,"","",""
"PctGAP_Status2Cat","LakeCat","double","0,0,0,0,100",0,0,842,0.7572,842,0.7572,21.9757795629721,"","",""
"PctGAP_Status3Cat","LakeCat","double","0,0,0,15.09,100",0,0,696,0.6259,696,0.6259,32.0277356336324,"","",""
"PctGAP_Status4Cat","LakeCat","double","0,0,0,0.02,100",0,0,832,0.7482,832,0.7482,21.5683647795385,"","",""
"PctNo_GAP_StatusWs","LakeCat","double","0,24.24,86.39,100,100",0,0,138,0.1241,292,0.2626,39.2538666967535,"","",""
"PctGAP_Status1Ws","LakeCat","double","0,0,0,0,100",0,0,942,0.8471,942,0.8471,18.908328184989,"","",""
"PctGAP_Status2Ws","LakeCat","double","0,0,0,1.43,100",0,0,699,0.6286,699,0.6286,19.3925884297027,"","",""
"PctGAP_Status3Ws","LakeCat","double","0,0,0,15.67,100",0,0,565,0.5081,565,0.5081,30.2600230998769,"","",""
"PctGAP_Status4Ws","LakeCat","double","0,0,0,0.87,100",0,0,713,0.6412,713,0.6412,19.6800776138604,"","",""
"Pestic97Cat","LakeCat","double","0,0.05,4.17,28.16,5444.5",0,0,195,0.1754,195,0.1754,209.663996298095,"","",""
"Pestic97Ws","LakeCat","double","0,0.12,5.16,33.72,5444.5",0,0,159,0.143,159,0.143,210.606064071872,"","",""
"Precip08Cat","LakeCat","double","62.46,637.31,1008.71,1283.42,2900.59",0,0,0,0,2,0.0018,432.267304118592,"","",""
"Precip09Cat","LakeCat","double","18.64,616.77,974.34,1308.63,2803.96",0,0,0,0,2,0.0018,453.657731297969,"","",""
"Tmean08Cat","LakeCat","double","-1.31,5.34,8.41,12.65,24.14",0,0,0,0,2,0.0018,5.12141092190529,"","",""
"Tmean09Cat","LakeCat","double","-1.02,5.32,8.35,12.55,24.08",0,0,0,0,2,0.0018,5.11532998346383,"","",""
"Precip08Ws","LakeCat","double","62.46,651.92,1017.96,1297.55,3056.43",0,0,0,0,2,0.0018,424.760113437816,"","",""
"Precip09Ws","LakeCat","double","18.64,634.92,990.67,1312.73,3205.15",0,0,0,0,2,0.0018,448.26235797566,"","",""
"Tmean08Ws","LakeCat","double","-1.57,5.16,8.25,12.24,23.82",0,0,0,0,2,0.0018,5.10455180910749,"","",""
"Tmean09Ws","LakeCat","double","-1.38,5.13,8.24,12.25,24.04",0,0,0,0,2,0.0018,5.09630574913125,"","",""
"Precip8110Cat","LakeCat","double","67.01,619.07,943.98,1175.8,3256.45",0,0,0,0,2,0.0018,385.82504826034,"","",""
"Tmax8110Cat","LakeCat","double","4.69,17.52,26.75,30.39,41.72",0,0,0,0,4,0.0036,7.80696444204886,"","",""
"Tmean8110Cat","LakeCat","double","-3.18,6.06,8.88,12.97,23.52",0,0,0,0,2,0.0018,4.96287855066785,"","",""
"Tmin8110Cat","LakeCat","double","-22.5,-10.58,-3.99,1.07,17.15",0,0,0,0,4,0.0036,8.08595449683061,"","",""
"Precip8110Ws","LakeCat","double","67.04,652.91,956.84,1182.31,3256.45",0,0,0,0,1,9e-04,387.083369679327,"","",""
"Tmax8110Ws","LakeCat","double","4.66,17.32,26.17,29.59,41.18",0,0,0,0,2,0.0018,7.63642079721796,"","",""
"Tmean8110Ws","LakeCat","double","-3.18,5.7,8.7,12.75,23.52",0,0,0,0,1,9e-04,4.99209972617111,"","",""
"Tmin8110Ws","LakeCat","double","-22.29,-10.77,-4.2,0.89,17.09",0,0,0,0,1,9e-04,8.08152038185696,"","",""
"RdDensCat","LakeCat","double","0,0.81,1.49,2.44,16.44",6,0.0054,51,0.0459,51,0.0459,2.15249046165673,"","",""
"RdDensWs","LakeCat","double","0,0.82,1.44,2.26,16.51",5,0.0045,43,0.0387,43,0.0387,1.97631566862388,"","",""
"RdCrsCat","LakeCat","double","0,0,0,0,105.82",0,0,896,0.8058,896,0.8058,3.20713837257549,"","",""
"RdCrsWs","LakeCat","double","0,0,0.05,0.32,105.82",0,0,531,0.4775,531,0.4775,3.18785965890838,"","",""
"RunoffCat","LakeCat","double","1,105,304.83,486,3496.32",0,0,0,0,17,0.0153,310.130999859872,"","",""
"RunoffWs","LakeCat","double","2,107.35,305,486.26,3601.59",0,0,0,0,15,0.0135,310.232326156537,"","",""
"ClayCat","LakeCat","double","1.07,11.05,19.88,27.98,65.83",1,9e-04,0,0,5,0.0045,11.3823364589502,"","",""
"SandCat","LakeCat","double","0.52,23.08,34.64,51.19,93.09",1,9e-04,0,0,4,0.0036,20.2187045527498,"","",""
"ClayWs","LakeCat","double","1.83,11.49,20.35,28.4,65.46",0,0,0,0,4,0.0036,11.0924882429489,"","",""
"SandWs","LakeCat","double","3.92,23.23,34.72,49.78,91.96",0,0,0,0,4,0.0036,19.6584243195659,"","",""
"OmCat","LakeCat","double","0.02,0.56,0.98,2.04,65.63",3,0.0027,0,0,9,0.0081,5.27166479642864,"","",""
"PermCat","LakeCat","double","0.18,3.09,6.06,13.09,46.6",2,0.0018,0,0,7,0.0063,8.61695764301286,"","",""
"RckdepCat","LakeCat","double","5.23,117.75,147.54,152.4,162.8",2,0.0018,0,0,426,0.3831,26.8853638380318,"","",""
"WtDepCat","LakeCat","double","1.82,115.45,151.52,177.58,183.41",2,0.0018,0,0,144,0.1295,40.4724455736623,"","",""
"OmWs","LakeCat","double","0.12,0.59,1.02,2.09,55.06",1,9e-04,0,0,8,0.0072,3.97737526466738,"","",""
"PermWs","LakeCat","double","0.31,3.16,6.1,11.51,46.6",1,9e-04,0,0,6,0.0054,8.11389776424759,"","",""
"RckdepWs","LakeCat","double","41.36,117.32,146.3,152.4,152.4",1,9e-04,0,0,375,0.3372,25.1590337417444,"","",""
"WtDepWs","LakeCat","double","1.82,118.72,152.76,177.42,182.88",1,9e-04,0,0,112,0.1007,39.1980805818696,"","",""
"HUDen2010Cat","LakeCat","double","0,0.9,4.28,15.8,1258.89",0,0,1,9e-04,7,0.0063,127.917263004841,"","",""
"PopDen2010Cat","LakeCat","double","0,1.12,7.75,31.68,3134.98",0,0,1,9e-04,7,0.0063,284.792460214916,"","",""
"HUDen2010Ws","LakeCat","double","0,0.95,4.41,15.4,1258.89",0,0,1,9e-04,5,0.0045,121.334873925902,"","",""
"PopDen2010Ws","LakeCat","double","0,1.22,7.85,32.36,3134.98",0,0,1,9e-04,5,0.0045,273.762296719253,"","",""
"WetIndexCat","LakeCat","double","224.92,673.65,818.46,954.35,1960.49",0,0,0,0,2,0.0018,237.448902076349,"","",""
"WetIndexWs","LakeCat","double","224.92,646.41,758.43,872.56,1698.91",0,0,0,0,1,9e-04,186.619094432844,"","",""
"LakeCat",NA,"character","Yes,NA,NA,NA,NA",0,0,0,0,1112,1,1,"","",""
"Percent_SMHG",NA,"double","0,0.01,0.01,0.02,1.59",35,0.0315,0,0,2,0.0018,0.0508819770340922,"","",""
"STHG_LOI_ratio",NA,"double","0.12,3.35,5.13,7.7,1330.14",36,0.0324,0,0,1,9e-04,48.5144371925123,"","",""
