"Variable","Source","Type","Domain","NumNA_Of1076","Percent_NA","Num0_Of1076","Percent_0","NumMostFreq_Of1076","Percent_MostFreq","SD_Nuniq","Combine_Code","Remove","THG_predictor"
"NLA12_ID",NA,NA,NA,NA,NA,NA,NA,NA,NA,NA,"","",""
"UID",NA,NA,NA,NA,NA,NA,NA,NA,NA,NA,"","",""
"USGS_ID",NA,NA,NA,NA,NA,NA,NA,NA,NA,NA,"","",""
"USGS_ID_did_not_match_OR_weighed_ready_for_analysis",NA,NA,NA,NA,NA,NA,NA,NA,NA,NA,"","",""
"LAT_DD83","NARS","double","26.07,37.69,41.37,44.86,48.99",0,0,0,0,1,9e-04,4.90732175838805,"","",""
"LON_DD83","NARS","double","-124.23,-107.94,-95.12,-85.11,-67.2",0,0,0,0,1,9e-04,14.8837569424001,"","",""
"DRY_WEIGHT_PERCENT",NA,"double","0.98,7.54,14.6,23.66,92.06",2,0.0019,0,0,4,0.0037,13.421488957879,"","",""
"LOI_PERCENT",NA,"double","0.26,8.91,14.84,28.07,81.05",0,0,0,0,4,0.0037,15.5162054937713,"","",""
"SMHG_ng_g","NARS","double","0.08,0.41,0.76,1.5,25.99",0,0,0,0,30,0.0279,1.76147523593997,"","",""
"STHG_ng_g","NARS","double","4.84,45.85,72.72,134.16,19047.62",0,0,0,0,6,0.0056,703.622065215777,"","",""
"d202_Avg",NA,"double","-1.81,-1.02,-0.83,-0.61,-0.08",666,0.619,0,0,1,9e-04,0.29986536820567,"","",""
"D199_Avg",NA,"double","-0.54,-0.16,-0.03,0.13,0.69",666,0.619,0,0,1,9e-04,0.217648742152328,"","",""
"D200_Avg",NA,"double","-0.04,0.04,0.07,0.1,0.26",666,0.619,0,0,1,9e-04,0.0488697547451401,"","",""
"D201_Avg",NA,"double","-0.47,-0.16,-0.05,0.1,0.6",666,0.619,0,0,1,9e-04,0.192868720579466,"","",""
"D204_Avg",NA,"double","-0.38,-0.16,-0.09,-0.04,0.13",666,0.619,0,0,2,0.0019,0.0880793320732696,"","",""
"Gas_Hg_Hg0Conc_ng_m3",NA,"double","0.91,1.19,1.29,1.35,1.61",84,0.0781,0,0,12,0.0112,0.129379750971467,"","",""
"Ionic_Hg2Conc_ng_m3",NA,"double","0,0.01,0.01,0.01,0.04",84,0.0781,0,0,12,0.0112,0.00689273843587917,"","",""
"Particle_Hg_HgPConc_ng_m3",NA,"double","0,0,0,0,0.01",84,0.0781,0,0,12,0.0112,0.00168387877374174,"","",""
"Hg0DryDep",NA,"double","0.19,9.28,11.23,13.65,18.73",84,0.0781,0,0,12,0.0112,3.12637360598962,"","",""
"Hg2DryDep",NA,"double","1.64,3.28,5.35,8.13,22.48",84,0.0781,0,0,12,0.0112,3.94759078093116,"","",""
"HgPDryDep",NA,"double","0.01,0.04,0.07,0.11,0.28",84,0.0781,0,0,12,0.0112,0.0473530092200954,"","",""
"WetLossConv_Loss_of_soluble_species_scavenged_by_cloud_updrafts_in_moist_convection_kg_s",NA,"double","0.13,0.46,0.76,1.42,7.32",84,0.0781,0,0,12,0.0112,0.832263345382022,"","",""
"WetLossLS_Loss_of_soluble_species_in_large_scale_precipitation_kg_s",NA,"double","1.21,6.02,7.6,8.7,14.74",84,0.0781,0,0,12,0.0112,1.76131745789729,"","",""
"pct_WetLossConv",NA,"double","1.91,6.46,9.56,14.6,45.1",84,0.0781,0,0,12,0.0112,6.52261308625965,"","",""
"New_or_revisit_site","NARS","character","NLA07_RVT12,NLA12_BASE,NLA12_BASE_replacement_lake,NLA12_RVT07,NA",0,0,0,0,639,0.5939,4,"","",""
"Lake_Area_HA","NARS","double","1.03,10.92,30.53,105.63,167489.61",0,0,0,0,1,9e-04,7408.98877485621,"","",""
"ELEVATION","NARS","double","-53.27,183.77,340.47,727.27,3594.97",0,0,4,0.0037,4,0.0037,766.340904097363,"","",""
"EPA_REG","NARS","character","Region_4,Region_6,Region_9,Region_8,Region_1",0,0,0,0,225,0.2091,10,"","",""
"HUC2","NARS","integer","1,4,9,12,18",0,0,0,0,163,0.1515,5.28768075206892,"","",""
"HUC8","NARS","integer","1010002,4057577.5,9030001,12082531.75,18100200",0,0,0,0,14,0.013,5284514.80054003,"","",""
"LAKE_ORIGIN","NARS","character","MAN_MADE,NATURAL,NA,NA,NA",0,0,0,0,594,0.552,2,"","",""
"LAKE_ORIGIN12","NARS","character","RESERVOIR,MAN_MADE,NATURAL_ENH,NATURAL,MAN_MADE_AB",0,0,0,0,440,0.4089,5,"","",""
"URBAN","NARS","character","Yes,No,NA,NA,NA",0,0,0,0,722,0.671,2,"","",""
"Littoral_chla_ug_L","NARS","double","0,2.83,7.36,22.88,584.64",0,0,8,0.0074,8,0.0074,57.080395983329,"","",""
"Site_chla_ug_L","NARS","double","0,2.79,7.41,25.31,764.64",0,0,6,0.0056,6,0.0056,53.729588689957,"","",""
"Acidity_cond_class","NARS","character","Good,Fair-lowancdep,Poor-acidmine,Naturalorganicacid,NA",88,0.0818,0,0,974,0.9052,4,"","",""
"Atrazine_detection_class","NARS","character","Non_detect,Detect,Not Assessed,NA,NA",88,0.0818,0,0,669,0.6217,3,"","",""
"Atrazine_cond_class_based_on_2012_EPA_Level_of_Concern","NARS","character","Non_detect,Blw_04ppb,Abv_04ppb,Not Assessed,NA",88,0.0818,0,0,669,0.6217,4,"","",""
"Atrazine_cond_class_based_on_former_EPA_Level_of_Concern","NARS","character","Non_detect,Blw_10ppb,Not Assessed,NA,NA",88,0.0818,0,0,669,0.6217,3,"","",""
"Benthic_macroinvertebrate_MMI_cond_class","NARS","character","Fair,Not Assessed,Good,Poor,NA",88,0.0818,0,0,337,0.3132,4,"","",""
"Cond_for_Chla_indicator_based_on_CHLX","NARS","character","Good,Poor,Fair,Not Assessed,NA",88,0.0818,0,0,561,0.5214,4,"","",""
"WHO_chla_concentration_rec_risk_cond_class_for_littoral_site","NARS","character","Low,Moderate,High,Not Assessed,No Detect",88,0.0818,0,0,532,0.4944,5,"","",""
"WHO_chla_concentration_rec_risk_cond_class_for_index_site","NARS","character","Moderate,Low,High,Not Assessed,No Detect",88,0.0818,0,0,504,0.4684,5,"","",""
"WHO_cyano_cell_density_rec_risk_cond_classes_for_littoral_site","NARS","character","High,Moderate,Low,Not Assessed,NA",88,0.0818,0,0,600,0.5576,4,"","",""
"WHO_cyano_cell_density_rec_risk_cond_classes_for_index_site","NARS","character","High,Moderate,Low,Not Assessed,NA",88,0.0818,0,0,596,0.5539,4,"","",""
"Dissolved_O2_cond_class","NARS","character","High (>=5 Ppm),Moderate (>3-<5 Ppm),Not Assessed,Low (<=3 Ppm),NA",88,0.0818,0,0,894,0.8309,4,"","",""
"Lake_level_drawdown_exposure_cond","NARS","character","Small,Not Assessed,Medium,Large,NA",88,0.0818,0,0,700,0.6506,4,"","",""
"Shallow_water_habitat_cond_class","NARS","character","Good,Not Assessed,Fair,Poor,NA",88,0.0818,0,0,556,0.5167,4,"","",""
"Lake_habitat_complexity_cond_class","NARS","character","Good,Not Assessed,Fair,Poor,NA",88,0.0818,0,0,426,0.3959,4,"","",""
"WHO_microcystin_rec_risk_cond_class_for_littoral_site","NARS","character","Low,No Detect,Moderate,High,Not Assessed",88,0.0818,0,0,504,0.4684,5,"","",""
"Microcystin_detection_for_index_site","NARS","character","Detect,No Detect,Not Assessed,NA,NA",88,0.0818,0,0,522,0.4851,3,"","",""
"WHO_microcystin_rec_risk_cond_class_for_index_site","NARS","character","Low,No Detect,Moderate,High,Not Assessed",88,0.0818,0,0,522,0.4851,5,"","",""
"Cond_class_based_on_TN","NARS","character","Fair,Poor,Good,NA,NA",88,0.0818,0,0,412,0.3829,3,"","",""
"Cond_class_based_on_TP","NARS","character","Good,Poor,Fair,NA,NA",88,0.0818,0,0,416,0.3866,3,"","",""
"Lakeshore_disturbance_cond_class","NARS","character","Fair,Not Assessed,Poor,Good,NA",88,0.0818,0,0,543,0.5046,4,"","",""
"Riparian_vegetation_cond_class","NARS","character","Fair,Not Assessed,Good,Poor,NA",88,0.0818,0,0,429,0.3987,4,"","",""
"Sediment_MHg_cond_class_for_top_sediment_sample","NARS","character","Medium,Low,High,Not Assessed,NA",88,0.0818,0,0,374,0.3476,4,"","",""
"Sediment_THg_cond_class_for_bottom_sediment_sample","NARS","character","Not Assessed,Low,Medium,High,NA",88,0.0818,0,0,546,0.5074,4,"","",""
"Sediment_THg_cond_class_for_top_sediment_sample","NARS","character","Medium,High,Low,Not Assessed,NA",88,0.0818,0,0,512,0.4758,4,"","",""
"Trophic_state","NARS","character","Eutrophic,Hypereutrophic,Oligotrophic,Mesotrophic,Not Assessed",88,0.0818,0,0,309,0.2872,5,"","",""
"Cond_of_site_based_on_turbidity","NARS","character","Fair,Poor,Good,Not Assessed,NA",88,0.0818,0,0,518,0.4814,4,"","",""
"Zooplankton_MMI_cond_class","NARS","character","Fair,Poor,Good,Not Assessed,NA",88,0.0818,0,0,416,0.3866,4,"","",""
"SITE_DEPTH_m","NARS","double","0.8,2.5,4.4,8.43,58.5",92,0.0855,0,0,25,0.0232,8.03207297221249,"","",""
"COLOR_RESULT_APHA_Pt_Co","NARS","double","0,12,20,30,724",84,0.0781,7,0.0065,74,0.0688,34.4026356778121,"","",""
"CHLORIDE_RESULT_mg_L","NARS","double","0.04,2.17,8.43,21.61,18012.74",84,0.0781,0,0,11,0.0102,583.611336854792,"","",""
"TN_RESULT_mg_L","NARS","double","0.01,0.33,0.65,1.31,54",84,0.0781,0,0,14,0.013,2.72186963643163,"","",""
"TP_RESULT_ug_L","NARS","double","4,21,43,109,3636",84,0.0781,0,0,19,0.0177,290.13153388439,"","",""
"BENTHIC_COND","NARS","character","Poor,Fair,Good,Not Assessed,NA",108,0.1004,0,0,340,0.316,4,"","",""
"MMI_BENT_NLA12","NARS","double","0,32.9,43.7,54.5,86.1",195,0.1812,1,9e-04,7,0.0065,15.8747243197105,"","",""
"ZOOPLANKTON_COND","NARS","character","Fair,Poor,Good,NA,NA",87,0.0809,0,0,416,0.3866,3,"","",""
"MMI_ZOOP_NLA6","NARS","double","0.05,44.13,57.43,67.37,94.65",87,0.0809,0,0,3,0.0028,17.7015660777752,"","",""
"Aquatic_macrophytes_index","NARS","double","0,0.06,0.26,0.6,1.79",101,0.0939,97,0.0901,97,0.0901,0.349192397178425,"","",""
"MICX_RESULT_ppb","NARS","double","0,0.05,0.09,0.17,42.17",84,0.0781,224,0.2082,224,0.2082,3.04012009291109,"","",""
"ATRAZINE_RESULT_ppb","NARS","double","0,0,0,0.07,9.7",86,0.0799,673,0.6255,673,0.6255,0.510957707695486,"","",""
"Ave_Temp","NARS","double","0,17.92,21.68,25.24,93.07",23,0.0214,2,0.0019,5,0.0046,6.35452428941915,"","",""
"Max_Temp","NARS","double","0,21.1,24.3,27.5,273",23,0.0214,2,0.0019,13,0.0121,13.1666049744212,"","",""
"Min_Temp","NARS","double","0,12.7,18.94,23.9,35.5",23,0.0214,2,0.0019,8,0.0074,7.19487444162693,"","",""
"Ave_pH","NARS","double","0,7.21,7.92,8.47,11.87",23,0.0214,7,0.0065,10,0.0093,1.17278142293012,"","",""
"Max_pH","NARS","double","0,7.6,8.39,8.8,23.75",23,0.0214,7,0.0065,61,0.0567,1.27336082990106,"","",""
"Min_pH","NARS","double","0,6.7,7.3,8.2,11.4",23,0.0214,7,0.0065,39,0.0362,1.24915910749497,"","",""
"Ave_CONDUCTIVITY_uS_cm","NARS","double","0,42,172.83,429.06,68863.64",23,0.0214,112,0.1041,112,0.1041,3787.1746338779,"","",""
"Max_CONDUCTIVITY_uS_cm","NARS","double","0,52,192,465,82000",23,0.0214,112,0.1041,112,0.1041,4232.08228882312,"","",""
"Min_CONDUCTIVITY_uS_cm","NARS","double","0,34,159,398,66194",23,0.0214,112,0.1041,112,0.1041,3695.00089136727,"","",""
"Ave_OXYGEN_mg_L","NARS","double","0,5.05,6.77,8.18,31.8",23,0.0214,10,0.0093,10,0.0093,2.66626377186304,"","",""
"Max_OXYGEN_mg_L","NARS","double","0,7.3,8.4,9.8,31.8",23,0.0214,10,0.0093,22,0.0204,2.98399414943878,"","",""
"Min_OXYGEN_mg_L","NARS","double","0,0.45,4.24,7.1,31.8",23,0.0214,51,0.0474,51,0.0474,3.59868047068957,"","",""
"SECCHI_m_use_depth_for_clear_to_bottom","NARS","double","0.02,0.68,1.48,3,28",17,0.0158,0,0,20,0.0186,2.44739694624528,"","",""
"ALUMINUM_RESULT_mg_L","NARS","double","0,0,0,0.01,2.48",868,0.8067,93,0.0864,93,0.0864,0.179477972983146,"","",""
"AMMONIA_N_RESULT_mg_N_L","NARS","double","0,0.01,0.01,0.03,3.18",868,0.8067,5,0.0046,15,0.0139,0.223215088200033,"","",""
"ANC_RESULT_ueq_L","NARS","double","-589.6,444.12,1754,2833.25,15329",868,0.8067,0,0,2,0.0019,1966.78734300295,"","",""
"CALCIUM_RESULT_mg_L","NARS","double","0.48,6.03,22.51,40.73,310.5",868,0.8067,0,0,2,0.0019,30.6835465249887,"","",""
"CHLORIDE_RESULT_mg_L_1","NARS","double","0.07,1.52,8.31,20.45,18012.74",868,0.8067,0,0,2,0.0019,1254.25574202951,"","",""
"COLOR_RESULT_APHA_Pt_Co_1","NARS","double","0,10,15,25,150",868,0.8067,2,0.0019,18,0.0167,24.0980780992755,"","",""
"COND_RESULT_uS_cm","NARS","double","10.41,72.9,223,458.75,56930",868,0.8067,0,0,2,0.0019,3985.70716499957,"","",""
"DOC_RESULT_mg_L","NARS","double","0.23,3.42,5.72,8.62,28.1",868,0.8067,0,0,3,0.0028,5.50442345660748,"","",""
"MAGNESIUM_RESULT_mg_L","NARS","double","0.25,1.85,7.45,17.2,1023",868,0.8067,0,0,2,0.0019,73.6497171889969,"","",""
"NITRATE_N_RESULT_mg_N_L","NARS","double","0,0,0,0.02,3.49",868,0.8067,75,0.0697,75,0.0697,0.261816369038009,"","",""
"NITRATE_NITRITE_N_RESULT_mg_N_L","NARS","double","0,0,0,0.02,3.49",868,0.8067,51,0.0474,51,0.0474,0.324370119977626,"","",""
"NITRITE_N_RESULT_mg_N_L","NARS","double","0,0,0,0,0.01",868,0.8067,190,0.1766,190,0.1766,0.00097829235260459,"","",""
"PH_RESULT","NARS","double","3.34,7.61,8.3,8.56,10.47",868,0.8067,0,0,5,0.0046,0.825149288881057,"","",""
"POTASSIUM_RESULT_mg_L","NARS","double","0,0.76,1.81,3.52,388.9",868,0.8067,2,0.0019,4,0.0037,27.4235622431587,"","",""
"TotalP_RESULT_ug_L_1","NARS","double","5,22,38,75,834",868,0.8067,0,0,6,0.0056,124.299028113673,"","",""
"SILICA_RESULT_mg_L","NARS","double","0.03,2.12,5.93,11.3,56.63",868,0.8067,0,0,2,0.0019,9.95260770237101,"","",""
"SODIUM_RESULT_mg_L","NARS","double","0.09,2.3,6.19,21.82,11120",868,0.8067,0,0,2,0.0019,780.253224260241,"","",""
"SULFATE_RESULT_mg_L","NARS","double","0.05,2.57,7.54,27.06,2551.48",868,0.8067,0,0,7,0.0065,233.768182603754,"","",""
"TOC_RESULT","NARS","double","0,0,0,0,23",868,0.8067,184,0.171,184,0.171,3.33204643497297,"","",""
"TSS_RESULT_mg_L","NARS","double","0,0,0,0,32",868,0.8067,199,0.1849,199,0.1849,4.27341341296014,"","",""
"TURB_RESULT_NTU","NARS","double","0,1.12,2.25,5.76,82.99",868,0.8067,5,0.0046,5,0.0046,14.5502513280717,"","",""
"d18O_H2O","NARS","double","-17.72,-8.29,-4.67,-1.73,8.21",1,9e-04,0,0,1,9e-04,5.12361692168123,"","",""
"dD_H2O","NARS","double","-136.26,-68.22,-38.04,-18.79,38.69",1,9e-04,0,0,1,9e-04,36.8639448676438,"","",""
"Evap_Inflow_ratio","NARS","double","0,0.09,0.21,0.39,2.43",1,9e-04,21,0.0195,21,0.0195,0.271979711059385,"","",""
"RT_yr","NARS","double","0,0.14,0.37,0.88,13.85",1,9e-04,36,0.0335,36,0.0335,0.973336027709447,"","",""
"Omernik_I","NARS","character","8  EASTERN TEMPERATE FORESTS,13  TEMPERATE SIERRAS,10  NORTH AMERICAN DESERTS,12  SOUTHERN SEMIARID HIGHLANDS,11  MEDITERRANEAN CALIFORNIA",0,0,0,0,414,0.3848,10,"","",""
"Omernik_II","NARS","character","8.4  OZARK/OUACHITA-APPALACHIAN FORESTS,8.3  SOUTHEASTERN USA PLAINS,8.5  MISSISSIPPI ALLUVIAL AND SOUTHEAST USA COASTAL PLAINS,13.1  UPPER GILA MOUNTAINS,10.2  WARM DESERTS",0,0,0,0,149,0.1385,19,"","",""
"Omernik_III","NARS","character","8.4.9  Southwestern Appalachians,8.4.1  Ridge and Valley,8.3.5  Southeastern Plains,8.3.4  Piedmont,8.3.7  South Central Plains",0,0,0,0,62,0.0576,79,"","",""
"Status",NA,"character","Done,Not Done,NA,NA,NA",0,0,0,0,666,0.619,2,"","",""
"NARS",NA,"character","Yes,NA,NA,NA,NA",0,0,0,0,1076,1,1,"","",""
"COMID","LakeCat","integer","747,6097173,11867368,18486353.5,167801030",0,0,0,0,1,9e-04,30001172.8949361,"","",""
"CatAreaSqKm","LakeCat","double","0.02,0.88,2.45,7.7,2467.13",0,0,0,0,3,0.0028,121.335798760169,"","",""
"WsAreaSqKm","LakeCat","double","0.02,1.77,10.14,51.32,645020.61",0,0,0,0,3,0.0028,28958.6331583233,"","",""
"CatPctFull","LakeCat","double","63.24,100,100,100,100",0,0,0,0,1074,0.9981,1.39653231543953,"","",""
"WsPctFull","LakeCat","double","46.46,100,100,100,100",0,0,0,0,1064,0.9888,2.79370148440708,"","",""
"inStreamCat","LakeCat","integer","0,0,1,1,1",0,0,358,0.3327,718,0.6673,0.47140411324826,"","",""
"PctAg2006Slp20Cat","LakeCat","double","0,0,0,0,4.99",0,0,950,0.8829,950,0.8829,0.250418703687277,"","",""
"PctAg2006Slp10Cat","LakeCat","double","0,0,0,0.16,18.97",0,0,683,0.6348,683,0.6348,1.87735418728329,"","",""
"PctAg2006Slp20Ws","LakeCat","double","0,0,0,0,7.17",0,0,817,0.7593,817,0.7593,0.318333387185803,"","",""
"PctAg2006Slp10Ws","LakeCat","double","0,0,0,0.35,18.76",0,0,517,0.4805,517,0.4805,1.8821829224149,"","",""
"CBNFCat","LakeCat","double","0,0,0.22,3.37,42.33",0,0,417,0.3875,417,0.3875,7.27858187698603,"","",""
"FertCat","LakeCat","double","0,0,0.74,9.81,148.29",0,0,414,0.3848,414,0.3848,14.507948684339,"","",""
"ManureCat","LakeCat","double","0,0,0,0.48,73.49",0,0,580,0.539,580,0.539,5.25181774034629,"","",""
"CBNFWs","LakeCat","double","0,0,0.43,4.47,44.77",0,0,321,0.2983,321,0.2983,8.60280348270067,"","",""
"FertWs","LakeCat","double","0,0,1.51,12.83,148.29",0,0,319,0.2965,319,0.2965,16.023344685295,"","",""
"ManureWs","LakeCat","double","0,0,0.01,0.77,65.07",0,0,493,0.4582,493,0.4582,6.02528964842221,"","",""
"BFICat","LakeCat","double","5.67,30.97,49.82,63,88",0,0,0,0,14,0.013,19.0523002563859,"","",""
"BFIWs","LakeCat","double","5.76,30.33,49.84,63.12,88",0,0,0,0,12,0.0112,18.9670217440956,"","",""
"CanalDensCat","LakeCat","double","0,0,0,0,1.57",0,0,1007,0.9359,1007,0.9359,0.108827731657691,"","",""
"CanalDensWs","LakeCat","double","0,0,0,0,1.67",0,0,940,0.8736,940,0.8736,0.112668181780317,"","",""
"CoalMineDensCat","LakeCat","double","0,0,0,0,4.93",0,0,1049,0.9749,1049,0.9749,0.242164013545871,"","",""
"CoalMineDensWs","LakeCat","double","0,0,0,0,4.93",0,0,1026,0.9535,1026,0.9535,0.229658764147334,"","",""
"DamDensCat","LakeCat","double","0,0,0,0.05,8.75",0,0,744,0.6914,744,0.6914,0.640991831625297,"","",""
"DamNIDStorCat","LakeCat","double","0,0,0,230969.57,66796419.55",0,0,746,0.6933,746,0.6933,2768012.63909459,"","",""
"DamNrmStorCat","LakeCat","double","0,0,0,85756.74,35787019.18",0,0,766,0.7119,766,0.7119,1544423.45893464,"","",""
"DamDensWs","LakeCat","double","0,0,0,0.03,6.57",0,0,623,0.579,623,0.579,0.341916901634107,"","",""
"DamNIDStorWs","LakeCat","double","0,0,0,64650.95,27145310.27",0,0,624,0.5799,624,0.5799,885938.972194476,"","",""
"DamNrmStorWs","LakeCat","double","0,0,0,25805.66,14607301.43",0,0,645,0.5994,645,0.5994,506803.297003516,"","",""
"ElevCat","LakeCat","double","-52.51,203.03,364.63,794.16,3823.54",0,0,0,0,2,0.0019,787.731203564658,"","",""
"ElevWs","LakeCat","double","-52.65,223.41,376.74,904.46,3823.54",0,0,0,0,1,9e-04,839.430327183568,"","",""
"NPDESDensCat","LakeCat","double","0,0,0,0,0.07",0,0,1068,0.9926,1068,0.9926,0.00329729755673354,"","",""
"SuperfundDensCat","LakeCat","double","0,0,0,0,1.29",0,0,1064,0.9888,1064,0.9888,0.0398392054033105,"","",""
"TRIDensCat","LakeCat","double","0,0,0,0,2.39",0,0,1037,0.9638,1037,0.9638,0.0997024505196426,"","",""
"NPDESDensWs","LakeCat","double","0,0,0,0,0.22",0,0,1003,0.9322,1003,0.9322,0.00722505037711759,"","",""
"SuperfundDensWs","LakeCat","double","0,0,0,0,0.45",0,0,997,0.9266,997,0.9266,0.0141289233928431,"","",""
"TRIDensWs","LakeCat","double","0,0,0,0,2.39",0,0,937,0.8708,937,0.8708,0.10214272912663,"","",""
"PctFire2000Cat","LakeCat","double","0,0,0,0,32.36",0,0,1074,0.9981,1074,0.9981,0.986415010983095,"","",""
"PctFire2001Cat","LakeCat","double","0,0,0,0,13.8",0,0,1072,0.9963,1072,0.9963,0.420801278573445,"","",""
"PctFire2002Cat","LakeCat","double","0,0,0,0,96.34",0,0,1072,0.9963,1072,0.9963,3.55764596472369,"","",""
"PctFire2003Cat","LakeCat","double","0,0,0,0,35.95",0,0,1072,0.9963,1072,0.9963,1.60755202965006,"","",""
"PctFire2004Cat","LakeCat","double","0,0,0,0,10.27",0,0,1074,0.9981,1074,0.9981,0.328758089016581,"","",""
"PctFire2005Cat","LakeCat","double","0,0,0,0,38.03",0,0,1073,0.9972,1073,0.9972,1.22347252514844,"","",""
"PctFire2006Cat","LakeCat","double","0,0,0,0,8.4",0,0,1073,0.9972,1073,0.9972,0.256336569603355,"","",""
"PctFire2007Cat","LakeCat","double","0,0,0,0,99.36",0,0,1066,0.9907,1066,0.9907,3.27048874518812,"","",""
"PctFire2008Cat","LakeCat","double","0,0,0,0,100",0,0,1071,0.9954,1071,0.9954,3.40583132692918,"","",""
"PctFire2009Cat","LakeCat","double","0,0,0,0,0.64",0,0,1074,0.9981,1074,0.9981,0.0195519400769804,"","",""
"PctFire2010Cat","LakeCat","integer","0,0,0,0,0",0,0,1076,1,1076,1,0,"","",""
"PctFire2000Ws","LakeCat","double","0,0,0,0,20.26",0,0,1065,0.9898,1065,0.9898,0.617646244518304,"","",""
"PctFire2001Ws","LakeCat","double","0,0,0,0,30.2",0,0,1054,0.9796,1054,0.9796,0.950908559799341,"","",""
"PctFire2002Ws","LakeCat","double","0,0,0,0,50.86",0,0,1046,0.9721,1046,0.9721,2.02354986778721,"","",""
"PctFire2003Ws","LakeCat","double","0,0,0,0,27.7",0,0,1051,0.9768,1051,0.9768,1.14703466747671,"","",""
"PctFire2004Ws","LakeCat","double","0,0,0,0,7.24",0,0,1057,0.9823,1057,0.9823,0.337706865312143,"","",""
"PctFire2005Ws","LakeCat","double","0,0,0,0,45.24",0,0,1054,0.9796,1054,0.9796,1.38836329724003,"","",""
"PctFire2006Ws","LakeCat","double","0,0,0,0,13.03",0,0,1049,0.9749,1049,0.9749,0.670383625552691,"","",""
"PctFire2007Ws","LakeCat","double","0,0,0,0,99.67",0,0,1038,0.9647,1038,0.9647,3.70806044213128,"","",""
"PctFire2008Ws","LakeCat","double","0,0,0,0,80.8",0,0,1052,0.9777,1052,0.9777,3.69810300887289,"","",""
"PctFire2009Ws","LakeCat","double","0,0,0,0,1.1",0,0,1060,0.9851,1060,0.9851,0.0523422172248375,"","",""
"PctFire2010Ws","LakeCat","double","0,0,0,0,1.38",0,0,1053,0.9786,1053,0.9786,0.058535351242714,"","",""
"PctFrstLoss2001Cat","LakeCat","double","0,0,0,0.01,17.69",0,0,751,0.698,751,0.698,0.971634041612206,"","",""
"PctFrstLoss2002Cat","LakeCat","double","0,0,0,0.01,19.09",0,0,758,0.7045,758,0.7045,0.88842676911859,"","",""
"PctFrstLoss2003Cat","LakeCat","double","0,0,0,0,10.55",0,0,842,0.7825,842,0.7825,0.656758392350176,"","",""
"PctFrstLoss2004Cat","LakeCat","double","0,0,0,0.02,23.16",0,0,742,0.6896,742,0.6896,1.14646462883899,"","",""
"PctFrstLoss2005Cat","LakeCat","double","0,0,0,0.01,35.74",0,0,762,0.7082,762,0.7082,1.38221421540914,"","",""
"PctFrstLoss2006Cat","LakeCat","double","0,0,0,0.01,17.16",0,0,770,0.7156,770,0.7156,0.932548562563921,"","",""
"PctFrstLoss2007Cat","LakeCat","double","0,0,0,0.01,23.47",0,0,758,0.7045,758,0.7045,1.10058742753715,"","",""
"PctFrstLoss2008Cat","LakeCat","double","0,0,0,0.02,20.32",0,0,756,0.7026,756,0.7026,1.13054703300987,"","",""
"PctFrstLoss2009Cat","LakeCat","double","0,0,0,0,13.93",0,0,814,0.7565,814,0.7565,0.778134108411376,"","",""
"PctFrstLoss2010Cat","LakeCat","double","0,0,0,0,23",0,0,796,0.7398,796,0.7398,0.808170385875982,"","",""
"PctFrstLoss2011Cat","LakeCat","double","0,0,0,0,10.15",0,0,821,0.763,821,0.763,0.656514309662762,"","",""
"PctFrstLoss2012Cat","LakeCat","double","0,0,0,0.01,9.88",0,0,777,0.7221,777,0.7221,0.563059547023213,"","",""
"PctFrstLoss2013Cat","LakeCat","double","0,0,0,0,19.14",0,0,803,0.7463,803,0.7463,0.844560893698453,"","",""
"PctFrstLoss2001Ws","LakeCat","double","0,0,0,0.05,11.08",0,0,553,0.5139,553,0.5139,0.743295153337771,"","",""
"PctFrstLoss2002Ws","LakeCat","double","0,0,0,0.05,23",0,0,539,0.5009,539,0.5009,1.03700311835981,"","",""
"PctFrstLoss2003Ws","LakeCat","double","0,0,0,0.02,10.08",0,0,634,0.5892,634,0.5892,0.626743012681693,"","",""
"PctFrstLoss2004Ws","LakeCat","double","0,0,0,0.08,11.09",0,0,533,0.4954,533,0.4954,0.910676672161858,"","",""
"PctFrstLoss2005Ws","LakeCat","double","0,0,0,0.07,35.74",0,0,549,0.5102,549,0.5102,1.49982212797914,"","",""
"PctFrstLoss2006Ws","LakeCat","double","0,0,0,0.07,13.38",0,0,567,0.527,567,0.527,0.755800423384423,"","",""
"PctFrstLoss2007Ws","LakeCat","double","0,0,0,0.06,22.69",0,0,543,0.5046,543,0.5046,0.913756136580783,"","",""
"PctFrstLoss2008Ws","LakeCat","double","0,0,0,0.06,30.57",0,0,547,0.5084,547,0.5084,1.37245860612947,"","",""
"PctFrstLoss2009Ws","LakeCat","double","0,0,0,0.03,13.45",0,0,622,0.5781,622,0.5781,0.798406167793559,"","",""
"PctFrstLoss2010Ws","LakeCat","double","0,0,0,0.05,10.6",0,0,574,0.5335,574,0.5335,0.573428438374412,"","",""
"PctFrstLoss2011Ws","LakeCat","double","0,0,0,0.04,21.34",0,0,605,0.5623,605,0.5623,0.848993062412165,"","",""
"PctFrstLoss2012Ws","LakeCat","double","0,0,0,0.05,9.88",0,0,587,0.5455,587,0.5455,0.544591006133193,"","",""
"PctFrstLoss2013Ws","LakeCat","double","0,0,0,0.03,11.96",0,0,599,0.5567,599,0.5567,0.604994917368597,"","",""
"Al2O3Cat","LakeCat","double","0.16,8.67,11.32,13.4,21.09",2,0.0019,0,0,49,0.0455,3.50428152553793,"","",""
"CaOCat","LakeCat","double","0.2,1.32,2.71,7.65,48.2",2,0.0019,0,0,49,0.0455,7.34579670442251,"","",""
"Fe2O3Cat","LakeCat","double","0.6,3.17,5.71,11.29,33.74",2,0.0019,0,0,49,0.0455,6.61934715766128,"","",""
"K2OCat","LakeCat","double","0.18,1.6,2,2.35,4.57",2,0.0019,0,0,49,0.0455,0.728138943924595,"","",""
"MgOCat","LakeCat","double","0.16,1.12,1.5,2.57,26.1",2,0.0019,0,0,49,0.0455,2.34190011711308,"","",""
"Na2OCat","LakeCat","double","0.09,0.68,1.19,1.83,4.25",2,0.0019,0,0,49,0.0455,0.914836555552855,"","",""
"P2O5Cat","LakeCat","double","0.02,0.12,0.15,0.19,1.94",2,0.0019,0,0,49,0.0455,0.132671416670358,"","",""
"SCat","LakeCat","double","0.01,0.03,0.06,0.19,8.28",2,0.0019,0,0,49,0.0455,0.534040259797918,"","",""
"SiO2Cat","LakeCat","double","1.87,46.27,56.04,64.09,80.82",2,0.0019,0,0,49,0.0455,12.9354344829669,"","",""
"Al2O3Ws","LakeCat","double","0.16,8.8,11.47,13.4,21.09",2,0.0019,0,0,47,0.0437,3.4334882313924,"","",""
"CaOWs","LakeCat","double","0.34,1.4,3.17,8.03,48.2",2,0.0019,0,0,47,0.0437,7.21235596775024,"","",""
"Fe2O3Ws","LakeCat","double","0.6,3.24,5.66,9.72,28.21",2,0.0019,0,0,47,0.0437,5.98046586989284,"","",""
"K2OWs","LakeCat","double","0.18,1.65,2.05,2.41,4.57",2,0.0019,0,0,47,0.0437,0.71601641915631,"","",""
"MgOWs","LakeCat","double","0.18,1.18,1.61,2.74,26.1",2,0.0019,0,0,47,0.0437,2.24978006512155,"","",""
"Na2OWs","LakeCat","double","0.09,0.7,1.2,1.94,4.25",2,0.0019,0,0,47,0.0437,0.934886312534513,"","",""
"P2O5Ws","LakeCat","double","0.02,0.13,0.15,0.19,1.94",2,0.0019,0,0,47,0.0437,0.100788633151105,"","",""
"SWs","LakeCat","double","0.01,0.03,0.06,0.19,8.35",2,0.0019,0,0,47,0.0437,0.439267522882659,"","",""
"SiO2Ws","LakeCat","double","1.87,46.35,57.05,63.74,80.85",2,0.0019,0,0,47,0.0437,12.4791169593905,"","",""
"NCat","LakeCat","double","0,0.04,0.14,0.33,1.59",2,0.0019,0,0,59,0.0548,0.244561294453298,"","",""
"NWs","LakeCat","double","0,0.04,0.12,0.28,1.59",2,0.0019,0,0,56,0.052,0.225682355996116,"","",""
"HydrlCondCat","LakeCat","double","0,0.07,0.22,15.92,364.63",2,0.0019,0,0,49,0.0455,69.9239006246872,"","",""
"HydrlCondWs","LakeCat","double","0,0.08,0.27,14.19,284.97",2,0.0019,0,0,47,0.0437,58.8583063788617,"","",""
"CompStrgthCat","LakeCat","double","0.16,1.45,60.3,96.68,224.01",2,0.0019,0,0,49,0.0455,55.9132925510736,"","",""
"CompStrgthWs","LakeCat","double","0.16,1.45,65.94,104.66,224.01",2,0.0019,0,0,47,0.0437,55.5681794574496,"","",""
"PctImp2006Cat","LakeCat","double","0,0.08,0.31,1.1,62.36",0,0,148,0.1375,148,0.1375,6.33245036231299,"","",""
"PctImp2006Ws","LakeCat","double","0,0.1,0.33,1.16,62.36",0,0,115,0.1069,115,0.1069,6.19945782520019,"","",""
"PctImp2011Cat","LakeCat","double","0,0.08,0.32,1.12,62.18",0,0,147,0.1366,147,0.1366,6.66508926061602,"","",""
"PctImp2011Ws","LakeCat","double","0,0.1,0.34,1.21,62.18",0,0,114,0.1059,114,0.1059,6.52042762184601,"","",""
"AgKffactCat","LakeCat","double","0,0,0,0.06,0.34",0,0,414,0.3848,414,0.3848,0.0687493996904047,"","",""
"KffactCat","LakeCat","double","0,0.2,0.27,0.33,0.55",0,0,0,0,28,0.026,0.0873036055199931,"","",""
"AgKffactWs","LakeCat","double","0,0,0.01,0.09,0.36",0,0,319,0.2965,319,0.2965,0.0782705434987032,"","",""
"KffactWs","LakeCat","double","0.01,0.22,0.28,0.33,0.55",0,0,0,0,25,0.0232,0.0821624660168742,"","",""
"PctCarbResidCat","LakeCat","double","0,0,0,0,100",0,0,1042,0.9684,1042,0.9684,13.4728969868464,"","",""
"PctNonCarbResidCat","LakeCat","double","0,0,0,0,100",0,0,814,0.7565,814,0.7565,35.6434992860323,"","",""
"PctAlkIntruVolCat","LakeCat","double","0,0,0,0,77.11",0,0,1074,0.9981,1074,0.9981,2.39217021096522,"","",""
"PctSilicicCat","LakeCat","double","0,0,0,0,100",0,0,914,0.8494,914,0.8494,29.0002658393124,"","",""
"PctExtruVolCat","LakeCat","double","0,0,0,0,100",0,0,1049,0.9749,1049,0.9749,10.2810895500867,"","",""
"PctColluvSedCat","LakeCat","double","0,0,0,0,100",0,0,992,0.9219,992,0.9219,22.52342916843,"","",""
"PctGlacTilClayCat","LakeCat","double","0,0,0,0,100",0,0,1050,0.9758,1050,0.9758,12.9514499593131,"","",""
"PctGlacTilLoamCat","LakeCat","double","0,0,0,0,100",0,0,807,0.75,807,0.75,37.240252763563,"","",""
"PctGlacTilCrsCat","LakeCat","double","0,0,0,0,100",0,0,953,0.8857,953,0.8857,26.8274680943089,"","",""
"PctGlacLakeCrsCat","LakeCat","double","0,0,0,0,100",0,0,902,0.8383,902,0.8383,28.7015322241642,"","",""
"PctGlacLakeFineCat","LakeCat","double","0,0,0,0,100",0,0,1043,0.9693,1043,0.9693,11.4907940095279,"","",""
"PctHydricCat","LakeCat","double","0,0,0,0,100",0,0,1063,0.9879,1063,0.9879,7.08879191869856,"","",""
"PctEolCrsCat","LakeCat","double","0,0,0,0,100",0,0,1045,0.9712,1045,0.9712,12.6057922478619,"","",""
"PctEolFineCat","LakeCat","double","0,0,0,0,100",0,0,1049,0.9749,1049,0.9749,8.95336115787964,"","",""
"PctSalLakeCat","LakeCat","double","0,0,0,0,100",0,0,1063,0.9879,1063,0.9879,8.93336834762083,"","",""
"PctAlluvCoastCat","LakeCat","double","0,0,0,0,100",0,0,859,0.7983,859,0.7983,30.1250133114347,"","",""
"PctCoastCrsCat","LakeCat","double","0,0,0,0,100",0,0,1060,0.9851,1060,0.9851,8.35356215338101,"","",""
"PctWaterCat","LakeCat","double","0,0,0,0,91.46",0,0,1006,0.9349,1006,0.9349,10.4140047579444,"","",""
"PctCarbResidWs","LakeCat","double","0,0,0,0,100",0,0,996,0.9257,996,0.9257,13.6667843512657,"","",""
"PctNonCarbResidWs","LakeCat","double","0,0,0,16.08,100",0,0,760,0.7063,760,0.7063,35.2035067774961,"","",""
"PctAlkIntruVolWs","LakeCat","double","0,0,0,0,77.11",0,0,1067,0.9916,1067,0.9916,2.53405672929846,"","",""
"PctSilicicWs","LakeCat","double","0,0,0,0,100",0,0,868,0.8067,868,0.8067,30.5069764444803,"","",""
"PctExtruVolWs","LakeCat","double","0,0,0,0,100",0,0,1032,0.9591,1032,0.9591,9.82572751338665,"","",""
"PctColluvSedWs","LakeCat","double","0,0,0,0,100",0,0,967,0.8987,967,0.8987,22.5905265742404,"","",""
"PctGlacTilClayWs","LakeCat","double","0,0,0,0,100",0,0,1044,0.9703,1044,0.9703,13.5336000749589,"","",""
"PctGlacTilLoamWs","LakeCat","double","0,0,0,17.08,100",0,0,778,0.723,778,0.723,37.4514567767876,"","",""
"PctGlacTilCrsWs","LakeCat","double","0,0,0,0,100",0,0,920,0.855,920,0.855,26.2676584018086,"","",""
"PctGlacLakeCrsWs","LakeCat","double","0,0,0,0,100",0,0,885,0.8225,885,0.8225,24.8784931874616,"","",""
"PctGlacLakeFineWs","LakeCat","double","0,0,0,0,100",0,0,1034,0.961,1034,0.961,9.0461502537516,"","",""
"PctHydricWs","LakeCat","double","0,0,0,0,100",0,0,1061,0.9861,1061,0.9861,5.08114986986319,"","",""
"PctEolCrsWs","LakeCat","double","0,0,0,0,100",0,0,1032,0.9591,1032,0.9591,12.5549472460111,"","",""
"PctEolFineWs","LakeCat","double","0,0,0,0,100",0,0,1035,0.9619,1035,0.9619,9.02853655066892,"","",""
"PctSalLakeWs","LakeCat","double","0,0,0,0,100",0,0,1060,0.9851,1060,0.9851,6.10883794232677,"","",""
"PctAlluvCoastWs","LakeCat","double","0,0,0,0,100",0,0,820,0.7621,820,0.7621,27.6839706796496,"","",""
"PctCoastCrsWs","LakeCat","double","0,0,0,0,100",0,0,1059,0.9842,1059,0.9842,9.250997237135,"","",""
"PctWaterWs","LakeCat","double","0,0,0,0,70.21",0,0,989,0.9191,989,0.9191,3.72435959929883,"","",""
"MineDensCat","LakeCat","double","0,0,0,0,1.29",0,0,1059,0.9842,1059,0.9842,0.0453269947514927,"","",""
"MineDensWs","LakeCat","double","0,0,0,0,0.49",0,0,992,0.9219,992,0.9219,0.025043499900213,"","",""
"NABD_DensCat","LakeCat","double","0,0,0,0,8.75",0,0,852,0.7918,852,0.7918,0.569161901702152,"","",""
"NABD_NIDStorCat","LakeCat","double","0,0,0,0,78195889.11",0,0,854,0.7937,854,0.7937,3277011.29587803,"","",""
"NABD_NrmStorCat","LakeCat","double","0,0,0,0,78195889.11",0,0,869,0.8076,869,0.8076,2621066.86672827,"","",""
"NABD_DensWs","LakeCat","double","0,0,0,0.01,3.95",0,0,708,0.658,708,0.658,0.203022371485732,"","",""
"NABD_NIDStorWs","LakeCat","double","0,0,0,23271.77,5819642.77",0,0,711,0.6608,711,0.6608,341459.095607425,"","",""
"NABD_NrmStorWs","LakeCat","double","0,0,0,9850.42,5819642.77",0,0,729,0.6775,729,0.6775,276540.470376178,"","",""
"InorgNWetDep_2008Cat","LakeCat","double","0.16,2.19,3.64,4.7,8.54",2,0.0019,0,0,2,0.0019,1.68104831681159,"","",""
"NH4_2008Cat","LakeCat","double","0.12,1.42,2.45,3.52,7.77",2,0.0019,0,0,2,0.0019,1.29878519828308,"","",""
"NO3_2008Cat","LakeCat","double","0.27,4.04,6.93,9.8,15.15",2,0.0019,0,0,2,0.0019,3.55919478439418,"","",""
"SN_2008Cat","LakeCat","double","16.45,227.32,438.17,590.97,954.1",2,0.0019,0,0,2,0.0019,222.280051761488,"","",""
"InorgNWetDep_2008Ws","LakeCat","double","0.16,2.3,3.64,4.73,8.54",2,0.0019,0,0,1,9e-04,1.624368377332,"","",""
"NH4_2008Ws","LakeCat","double","0.12,1.51,2.45,3.51,7.77",2,0.0019,0,0,1,9e-04,1.25761703655204,"","",""
"NO3_2008Ws","LakeCat","double","0.28,4.25,6.94,9.83,15.02",2,0.0019,0,0,1,9e-04,3.46720467104262,"","",""
"SN_2008Ws","LakeCat","double","16.8,240.62,436.29,590.86,946.12",2,0.0019,0,0,1,9e-04,216.79810924891,"","",""
"PctOw2006Cat","LakeCat","double","0,6.98,13.6,23.55,89.29",0,0,17,0.0158,17,0.0158,13.7631024089524,"","",""
"PctIce2006Cat","LakeCat","double","0,0,0,0,15.54",0,0,1071,0.9954,1071,0.9954,0.592739946326828,"","",""
"PctUrbOp2006Cat","LakeCat","double","0,0.04,2.7,5.89,71.53",0,0,267,0.2481,267,0.2481,7.43363243030123,"","",""
"PctUrbLo2006Cat","LakeCat","double","0,0,0.04,1.61,48.64",0,0,512,0.4758,512,0.4758,6.79300947684672,"","",""
"PctUrbMd2006Cat","LakeCat","double","0,0,0,0.08,52.73",0,0,744,0.6914,744,0.6914,5.00932442047151,"","",""
"PctUrbHi2006Cat","LakeCat","double","0,0,0,0,37.21",0,0,900,0.8364,900,0.8364,1.978432499384,"","",""
"PctBl2006Cat","LakeCat","double","0,0,0,0.04,81.54",0,0,780,0.7249,780,0.7249,4.84192820017462,"","",""
"PctDecid2006Cat","LakeCat","double","0,0,3.71,25.89,93.48",0,0,350,0.3253,350,0.3253,21.6444780579618,"","",""
"PctConif2006Cat","LakeCat","double","0,0,0.95,14.54,98.66",0,0,389,0.3615,389,0.3615,22.1352204174256,"","",""
"PctMxFst2006Cat","LakeCat","double","0,0,0,1.81,53.36",0,0,629,0.5846,629,0.5846,8.41557639322034,"","",""
"PctShrb2006Cat","LakeCat","double","0,0,0.47,6.62,92.58",0,0,429,0.3987,429,0.3987,18.2338175199559,"","",""
"PctGrs2006Cat","LakeCat","double","0,0,1.17,10.09,97.55",0,0,347,0.3225,347,0.3225,20.9688035092393,"","",""
"PctHay2006Cat","LakeCat","double","0,0,0,6.23,85.08",0,0,541,0.5028,541,0.5028,12.0698095484108,"","",""
"PctCrop2006Cat","LakeCat","double","0,0,0,9.02,92.75",0,0,578,0.5372,578,0.5372,17.2572607960933,"","",""
"PctWdWet2006Cat","LakeCat","double","0,0,0.66,4.45,77.6",0,0,384,0.3569,384,0.3569,9.76710480752832,"","",""
"PctHbWet2006Cat","LakeCat","double","0,0,0.1,1.7,63.8",0,0,500,0.4647,500,0.4647,4.45993080088655,"","",""
"PctOw2006Ws","LakeCat","double","0,1.8,5.23,12.11,85.53",0,0,11,0.0102,11,0.0102,11.1516727100912,"","",""
"PctIce2006Ws","LakeCat","double","0,0,0,0,15.54",0,0,1045,0.9712,1045,0.9712,0.798106883292047,"","",""
"PctUrbOp2006Ws","LakeCat","double","0,0.45,2.89,5.37,71.53",0,0,220,0.2045,220,0.2045,7.15291181650224,"","",""
"PctUrbLo2006Ws","LakeCat","double","0,0,0.2,1.74,48.64",0,0,386,0.3587,386,0.3587,6.20877720434853,"","",""
"PctUrbMd2006Ws","LakeCat","double","0,0,0,0.15,52.73",0,0,610,0.5669,610,0.5669,4.76994048883661,"","",""
"PctUrbHi2006Ws","LakeCat","double","0,0,0,0,37.21",0,0,795,0.7388,795,0.7388,2.19917959129117,"","",""
"PctBl2006Ws","LakeCat","double","0,0,0,0.13,81.54",0,0,615,0.5716,615,0.5716,5.29220435511862,"","",""
"PctDecid2006Ws","LakeCat","double","0,0.01,4.44,27.63,96.81",0,0,264,0.2454,264,0.2454,22.7430141320029,"","",""
"PctConif2006Ws","LakeCat","double","0,0,1.79,17.6,98.66",0,0,298,0.277,298,0.277,23.4997379927527,"","",""
"PctMxFst2006Ws","LakeCat","double","0,0,0.01,2.32,59.69",0,0,523,0.4861,523,0.4861,8.52472315878637,"","",""
"PctShrb2006Ws","LakeCat","double","0,0,0.72,9.23,99.28",0,0,341,0.3169,341,0.3169,18.7272504876041,"","",""
"PctGrs2006Ws","LakeCat","double","0,0.06,1.72,10.99,99.01",0,0,244,0.2268,244,0.2268,22.0760069754434,"","",""
"PctHay2006Ws","LakeCat","double","0,0,0.62,8.65,85.08",0,0,424,0.3941,424,0.3941,12.596782493209,"","",""
"PctCrop2006Ws","LakeCat","double","0,0,0.25,13.8,97.51",0,0,470,0.4368,470,0.4368,19.8056225601326,"","",""
"PctWdWet2006Ws","LakeCat","double","0,0,0.5,4.25,77.6",0,0,290,0.2695,290,0.2695,9.39878686435197,"","",""
"PctHbWet2006Ws","LakeCat","double","0,0,0.16,1.26,63.8",0,0,401,0.3727,401,0.3727,3.60029013589928,"","",""
"PctOw2011Cat","LakeCat","double","0,7.21,13.85,23.77,85.53",0,0,15,0.0139,15,0.0139,13.8617640152527,"","",""
"PctIce2011Cat","LakeCat","double","0,0,0,0,15.54",0,0,1071,0.9954,1071,0.9954,0.592739946326828,"","",""
"PctUrbOp2011Cat","LakeCat","double","0,0.07,2.77,5.89,71.53",0,0,262,0.2435,262,0.2435,7.5697218402664,"","",""
"PctUrbLo2011Cat","LakeCat","double","0,0,0.06,1.62,45.11",0,0,504,0.4684,504,0.4684,6.61278217037861,"","",""
"PctUrbMd2011Cat","LakeCat","double","0,0,0,0.16,52.73",0,0,691,0.6422,691,0.6422,5.31631371448383,"","",""
"PctUrbHi2011Cat","LakeCat","double","0,0,0,0,36.19",0,0,878,0.816,878,0.816,2.07117637602523,"","",""
"PctBl2011Cat","LakeCat","double","0,0,0,0.07,81.54",0,0,764,0.71,764,0.71,4.66593487078142,"","",""
"PctDecid2011Cat","LakeCat","double","0,0,3.79,25.62,93.48",0,0,338,0.3141,338,0.3141,21.4124624997282,"","",""
"PctConif2011Cat","LakeCat","double","0,0,1.06,14.4,98.66",0,0,390,0.3625,390,0.3625,21.7120279548791,"","",""
"PctMxFst2011Cat","LakeCat","double","0,0,0,1.84,53.47",0,0,623,0.579,623,0.579,8.23004588993722,"","",""
"PctShrb2011Cat","LakeCat","double","0,0,0.59,7.76,92.58",0,0,406,0.3773,406,0.3773,18.1020673898255,"","",""
"PctGrs2011Cat","LakeCat","double","0,0,1.31,10.31,97.55",0,0,313,0.2909,313,0.2909,20.7208376204859,"","",""
"PctHay2011Cat","LakeCat","double","0,0,0,6.08,85.08",0,0,541,0.5028,541,0.5028,11.9944463997176,"","",""
"PctCrop2011Cat","LakeCat","double","0,0,0,9.35,91.7",0,0,580,0.539,580,0.539,17.2484319370353,"","",""
"PctWdWet2011Cat","LakeCat","double","0,0,0.71,4.34,77.6",0,0,374,0.3476,374,0.3476,9.69241955806543,"","",""
"PctHbWet2011Cat","LakeCat","double","0,0,0.14,1.71,63.8",0,0,476,0.4424,476,0.4424,4.62561669063286,"","",""
"PctOw2011Ws","LakeCat","double","0,1.82,5.32,12.32,85.53",0,0,9,0.0084,9,0.0084,11.2421172852294,"","",""
"PctIce2011Ws","LakeCat","double","0,0,0,0,15.54",0,0,1045,0.9712,1045,0.9712,0.79801049531064,"","",""
"PctUrbOp2011Ws","LakeCat","double","0,0.46,2.98,5.5,71.53",0,0,216,0.2007,216,0.2007,7.31487291025773,"","",""
"PctUrbLo2011Ws","LakeCat","double","0,0,0.21,1.76,45.11",0,0,380,0.3532,380,0.3532,5.98527281292916,"","",""
"PctUrbMd2011Ws","LakeCat","double","0,0,0,0.25,52.73",0,0,560,0.5204,560,0.5204,5.04637110318223,"","",""
"PctUrbHi2011Ws","LakeCat","double","0,0,0,0.01,36.19",0,0,755,0.7017,755,0.7017,2.31565670327809,"","",""
"PctBl2011Ws","LakeCat","double","0,0,0,0.17,81.54",0,0,602,0.5595,602,0.5595,5.28713894840419,"","",""
"PctDecid2011Ws","LakeCat","double","0,0.02,4.17,26.65,96.81",0,0,252,0.2342,252,0.2342,22.4906519394879,"","",""
"PctConif2011Ws","LakeCat","double","0,0,1.74,17.2,98.66",0,0,297,0.276,297,0.276,23.0651501602985,"","",""
"PctMxFst2011Ws","LakeCat","double","0,0,0.01,2.25,58.11",0,0,517,0.4805,517,0.4805,8.26865811352183,"","",""
"PctShrb2011Ws","LakeCat","double","0,0,0.91,9.96,99.28",0,0,312,0.29,312,0.29,18.6987445506082,"","",""
"PctGrs2011Ws","LakeCat","double","0,0.16,1.98,11.38,99.01",0,0,211,0.1961,211,0.1961,21.8648038024419,"","",""
"PctHay2011Ws","LakeCat","double","0,0,0.59,8.6,85.08",0,0,424,0.3941,424,0.3941,12.5226651269396,"","",""
"PctCrop2011Ws","LakeCat","double","0,0,0.23,14.35,97.39",0,0,473,0.4396,473,0.4396,19.8133181871863,"","",""
"PctWdWet2011Ws","LakeCat","double","0,0,0.54,4.55,77.6",0,0,283,0.263,283,0.263,9.34014047949766,"","",""
"PctHbWet2011Ws","LakeCat","double","0,0,0.2,1.31,63.8",0,0,376,0.3494,376,0.3494,3.65433614728555,"","",""
"PctNonAgIntrodManagVegCat","LakeCat","double","0,0,0.03,1.88,82.14",0,0,517,0.4805,517,0.4805,10.2360597023482,"","",""
"PctNonAgIntrodManagVegWs","LakeCat","double","0,0,0.08,2.06,79.19",0,0,431,0.4006,431,0.4006,10.5450542995595,"","",""
"PctNo_GAP_StatusCat","LakeCat","double","0,21.18,84.09,100,100",0,0,159,0.1478,377,0.3504,40.3093339413637,"","",""
"PctGAP_Status1Cat","LakeCat","double","0,0,0,0,100",0,0,991,0.921,991,0.921,17.5041056211424,"","",""
"PctGAP_Status2Cat","LakeCat","double","0,0,0,0,100",0,0,820,0.7621,820,0.7621,21.6350392817579,"","",""
"PctGAP_Status3Cat","LakeCat","double","0,0,0,15.6,100",0,0,671,0.6236,671,0.6236,32.2319378601674,"","",""
"PctGAP_Status4Cat","LakeCat","double","0,0,0,0,100",0,0,808,0.7509,808,0.7509,21.6032139289997,"","",""
"PctNo_GAP_StatusWs","LakeCat","double","0,23.19,85.95,100,100",0,0,136,0.1264,284,0.2639,39.4112696422425,"","",""
"PctGAP_Status1Ws","LakeCat","double","0,0,0,0,100",0,0,911,0.8467,911,0.8467,19.2029868783842,"","",""
"PctGAP_Status2Ws","LakeCat","double","0,0,0,1.41,100",0,0,683,0.6348,683,0.6348,19.347761357532,"","",""
"PctGAP_Status3Ws","LakeCat","double","0,0,0,15.79,100",0,0,544,0.5056,544,0.5056,30.4167945820839,"","",""
"PctGAP_Status4Ws","LakeCat","double","0,0,0,0.89,100",0,0,692,0.6431,692,0.6431,19.9715738563196,"","",""
"Pestic97Cat","LakeCat","double","0,0.04,4.08,28.16,5444.5",0,0,193,0.1794,193,0.1794,213.059229218061,"","",""
"Pestic97Ws","LakeCat","double","0,0.11,5.07,33.63,5444.5",0,0,157,0.1459,157,0.1459,213.955949366285,"","",""
"Precip08Cat","LakeCat","double","62.46,630.97,1011.39,1291.86,2900.59",0,0,0,0,2,0.0019,435.625783834192,"","",""
"Precip09Cat","LakeCat","double","18.64,614.35,986.14,1309.84,2803.96",0,0,0,0,2,0.0019,456.785373254937,"","",""
"Tmean08Cat","LakeCat","double","-1.31,5.35,8.49,12.8,24.14",0,0,0,0,2,0.0019,5.15145250571214,"","",""
"Tmean09Cat","LakeCat","double","-1.02,5.37,8.42,12.73,24.08",0,0,0,0,2,0.0019,5.14855807320454,"","",""
"Precip08Ws","LakeCat","double","62.46,647.65,1021.73,1304.39,3056.43",0,0,0,0,2,0.0019,428.228061495849,"","",""
"Precip09Ws","LakeCat","double","18.64,634.68,999.6,1317.27,3205.15",0,0,0,0,2,0.0019,451.265280802938,"","",""
"Tmean08Ws","LakeCat","double","-1.57,5.2,8.36,12.44,23.82",0,0,0,0,2,0.0019,5.13764468193092,"","",""
"Tmean09Ws","LakeCat","double","-1.38,5.15,8.32,12.45,24.04",0,0,0,0,2,0.0019,5.13270635354025,"","",""
"Precip8110Cat","LakeCat","double","67.01,613.2,954.87,1177.12,3256.45",0,0,0,0,2,0.0019,389.207050116088,"","",""
"Tmax8110Cat","LakeCat","double","4.69,17.83,26.76,30.42,41.72",0,0,0,0,4,0.0037,7.7954460865401,"","",""
"Tmean8110Cat","LakeCat","double","-3.18,6.07,8.96,13.12,23.52",0,0,0,0,2,0.0019,4.9994784867383,"","",""
"Tmin8110Cat","LakeCat","double","-22.5,-10.47,-3.77,1.08,17.15",0,0,0,0,4,0.0037,8.09220557942547,"","",""
"Precip8110Ws","LakeCat","double","67.04,649.08,967.21,1183.07,3256.45",0,0,0,0,1,9e-04,390.794643956274,"","",""
"Tmax8110Ws","LakeCat","double","4.66,17.5,26.1,29.74,41.18",0,0,0,0,2,0.0019,7.63082642454177,"","",""
"Tmean8110Ws","LakeCat","double","-3.18,5.71,8.76,12.82,23.52",0,0,0,0,1,9e-04,5.03265442791728,"","",""
"Tmin8110Ws","LakeCat","double","-22.29,-10.62,-4.14,0.91,17.09",0,0,0,0,1,9e-04,8.0852815831715,"","",""
"RdDensCat","LakeCat","double","0,0.81,1.5,2.45,16.44",5,0.0046,50,0.0465,50,0.0465,2.16587876772638,"","",""
"RdDensWs","LakeCat","double","0,0.81,1.44,2.27,16.51",4,0.0037,42,0.039,42,0.039,1.98836726472755,"","",""
"RdCrsCat","LakeCat","double","0,0,0,0,105.82",0,0,869,0.8076,869,0.8076,3.240428316637,"","",""
"RdCrsWs","LakeCat","double","0,0,0.05,0.32,105.82",0,0,513,0.4768,513,0.4768,3.2401418203612,"","",""
"RunoffCat","LakeCat","double","1,99.5,305,489,3496.32",0,0,0,0,17,0.0158,313.119559788497,"","",""
"RunoffWs","LakeCat","double","2,101.5,308.28,489.25,3601.59",0,0,0,0,15,0.0139,313.248664429096,"","",""
"ClayCat","LakeCat","double","1.07,11.08,20.06,27.99,65.83",1,9e-04,0,0,5,0.0046,11.4248437516868,"","",""
"SandCat","LakeCat","double","0.52,23.13,34.53,50.66,93.09",1,9e-04,0,0,4,0.0037,20.2508214645044,"","",""
"ClayWs","LakeCat","double","1.83,11.49,20.38,28.57,65.46",0,0,0,0,4,0.0037,11.1317320922525,"","",""
"SandWs","LakeCat","double","3.92,23.21,34.41,49.22,91.96",0,0,0,0,4,0.0037,19.6371705978609,"","",""
"OmCat","LakeCat","double","0.02,0.56,0.98,1.99,65.63",3,0.0028,0,0,9,0.0084,5.1287827630479,"","",""
"PermCat","LakeCat","double","0.18,3.05,6.01,12.87,46.6",2,0.0019,0,0,6,0.0056,8.64029955038249,"","",""
"RckdepCat","LakeCat","double","5.23,117.35,147.31,152.4,162.8",2,0.0019,0,0,410,0.381,27.0329604701862,"","",""
"WtDepCat","LakeCat","double","1.82,115.84,152.13,178.08,183.41",2,0.0019,0,0,143,0.1329,40.4598893160681,"","",""
"OmWs","LakeCat","double","0.12,0.59,1.01,2.06,55.06",1,9e-04,0,0,8,0.0074,3.92415664607728,"","",""
"PermWs","LakeCat","double","0.31,3.16,6.01,11.39,46.6",1,9e-04,0,0,5,0.0046,8.10689837732025,"","",""
"RckdepWs","LakeCat","double","41.36,117.09,146.05,152.4,152.4",1,9e-04,0,0,360,0.3346,25.2775301614162,"","",""
"WtDepWs","LakeCat","double","1.82,118.72,152.94,177.75,182.88",1,9e-04,0,0,112,0.1041,39.2088562292688,"","",""
"HUDen2010Cat","LakeCat","double","0,0.84,4.2,15.8,1258.89",0,0,1,9e-04,7,0.0065,125.802932688301,"","",""
"PopDen2010Cat","LakeCat","double","0,1.08,7.67,31.94,3134.98",0,0,1,9e-04,7,0.0065,278.714632802461,"","",""
"HUDen2010Ws","LakeCat","double","0,0.88,4.31,15.45,1258.89",0,0,1,9e-04,5,0.0046,118.869644581863,"","",""
"PopDen2010Ws","LakeCat","double","0,1.12,7.76,32.36,3134.98",0,0,1,9e-04,5,0.0046,267.041633884501,"","",""
"WetIndexCat","LakeCat","double","224.92,668.9,818.46,953.79,1960.49",0,0,0,0,2,0.0019,236.712739978202,"","",""
"WetIndexWs","LakeCat","double","224.92,644.06,757.77,871.64,1698.91",0,0,0,0,1,9e-04,187.039883712099,"","",""
"LakeCat",NA,"character","Yes,NA,NA,NA,NA",0,0,0,0,1076,1,1,"","",""
"Percent_SMHG",NA,"double","0,0.01,0.01,0.02,1.59",0,0,0,0,2,0.0019,0.0509042539304784,"","",""
"STHG_LOI_ratio",NA,"double","0.12,3.35,5.13,7.7,1330.14",0,0,0,0,1,9e-04,48.5144371925123,"","",""
