"Variable","Source","Type","Domain","NumNA_Of1268","Percent_NA","Num0_Of1268","Percent_0","NumMostFreq_Of1268","Percent_MostFreq","SD_Nuniq","Combine_Code","Remove","THG_predictor"
"NLA12_ID",NA,NA,NA,NA,NA,NA,NA,NA,NA,NA,"","",""
"UID",NA,NA,NA,NA,NA,NA,NA,NA,NA,NA,"","",""
"USGS_ID",NA,NA,NA,NA,NA,NA,NA,NA,NA,NA,"","",""
"USGS_ID_did_not_match_OR_weighed_ready_for_analysis",NA,NA,NA,NA,NA,NA,NA,NA,NA,NA,"","",""
"LAT_DD83","NARS","double","26.07,37.8,41.45,44.87,48.99",144,0.1136,0,0,1,8e-04,4.877664357981,"","",""
"LON_DD83","NARS","double","-124.23,-107.26,-94.85,-85.16,-67.2",144,0.1136,0,0,1,8e-04,14.7931980646794,"","",""
"DRY_WEIGHT_PERCENT",NA,"double","0,7.54,14.64,23.66,92.06",177,0.1396,1,8e-04,4,0.0032,13.4094790643027,"","",""
"LOI_PERCENT",NA,"double","0.26,8.89,14.9,28.09,83.79",176,0.1388,0,0,4,0.0032,15.7491358849728,"","",""
"SMHG_ng_g","NARS","double","0.08,0.41,0.76,1.5,25.99",175,0.138,0,0,30,0.0237,1.84459101413537,"","",""
"STHG_ng_g","NARS","double","4.84,46.2,72.89,134.83,19047.62",175,0.138,0,0,6,0.0047,698.201235080089,"","",""
"d202_Avg",NA,"double","-1.81,-1.01,-0.83,-0.61,-0.08",855,0.6743,0,0,1,8e-04,0.299477541326307,"","",""
"D199_Avg",NA,"double","-0.54,-0.16,-0.03,0.13,0.69",855,0.6743,0,0,1,8e-04,0.217015760999479,"","",""
"D200_Avg",NA,"double","-0.04,0.04,0.07,0.1,0.26",855,0.6743,0,0,1,8e-04,0.0488585150631942,"","",""
"D201_Avg",NA,"double","-0.47,-0.16,-0.05,0.1,0.6",855,0.6743,0,0,1,8e-04,0.192323461847497,"","",""
"D204_Avg",NA,"double","-0.38,-0.16,-0.09,-0.04,0.13",855,0.6743,0,0,2,0.0016,0.0885127304994881,"","",""
"Gas_Hg_Hg0Conc_ng_m3",NA,"double","0.91,1.19,1.29,1.35,1.61",228,0.1798,0,0,12,0.0095,0.128513616584866,"","",""
"Ionic_Hg2Conc_ng_m3",NA,"double","0,0.01,0.01,0.01,0.04",228,0.1798,0,0,12,0.0095,0.0068679424422225,"","",""
"Particle_Hg_HgPConc_ng_m3",NA,"double","0,0,0,0,0.01",228,0.1798,0,0,12,0.0095,0.00167429258229536,"","",""
"Hg0DryDep",NA,"double","0.19,9.28,11.32,13.64,18.73",228,0.1798,0,0,12,0.0095,3.14744446083183,"","",""
"Hg2DryDep",NA,"double","1.03,3.24,5.22,8.06,22.48",228,0.1798,0,0,12,0.0095,3.93251153637674,"","",""
"HgPDryDep",NA,"double","0.01,0.04,0.07,0.11,0.28",228,0.1798,0,0,12,0.0095,0.0470971323283578,"","",""
"WetLossConv_Loss_of_soluble_species_scavenged_by_cloud_updrafts_in_moist_convection_kg_s",NA,"double","0.13,0.46,0.75,1.4,7.32",228,0.1798,0,0,12,0.0095,0.85677709887699,"","",""
"WetLossLS_Loss_of_soluble_species_in_large_scale_precipitation_kg_s",NA,"double","1.21,6.06,7.6,8.68,14.74",228,0.1798,0,0,12,0.0095,1.75229858427195,"","",""
"pct_WetLossConv",NA,"double","1.91,6.4,9.45,14.5,45.1",228,0.1798,0,0,12,0.0095,6.62074162383185,"","",""
"New_or_revisit_site","NARS","character","NLA07_RVT12,NLA12_BASE,NLA12_BASE_replacement_lake,NLA12_RVT07,NA",144,0.1136,0,0,670,0.5284,4,"","",""
"Lake_Area_HA","NARS","double","1.03,10.83,30.23,108.14,167489.61",144,0.1136,0,0,1,8e-04,7401.75141159387,"","",""
"ELEVATION","NARS","double","-53.27,186.85,336.03,703.68,3594.97",144,0.1136,4,0.0032,4,0.0032,757.84966951816,"","",""
"EPA_REG","NARS","character","Region_4,Region_6,Region_9,Region_8,Region_1",144,0.1136,0,0,248,0.1956,10,"","",""
"HUC2","NARS","integer","1,4,9,12,18",144,0.1136,0,0,169,0.1333,5.25762754738102,"","",""
"HUC8","NARS","integer","1010002,4050005.75,9020105,12060204,18100200",144,0.1136,0,0,14,0.011,5255338.13146394,"","",""
"LAKE_ORIGIN","NARS","character","MAN_MADE,NATURAL,NA,NA,NA",144,0.1136,0,0,617,0.4866,2,"","",""
"LAKE_ORIGIN12","NARS","character","RESERVOIR,MAN_MADE,NATURAL_ENH,NATURAL,MAN_MADE_AB",144,0.1136,0,0,464,0.3659,5,"","",""
"URBAN","NARS","character","Yes,No,NA,NA,NA",144,0.1136,0,0,749,0.5907,2,"","",""
"Littoral_chla_ug_L","NARS","double","0,2.85,7.34,22.88,584.64",145,0.1144,9,0.0071,9,0.0071,58.8820476216232,"","",""
"Site_chla_ug_L","NARS","double","0,2.8,7.26,24.86,764.64",145,0.1144,6,0.0047,6,0.0047,55.4705826838724,"","",""
"Acidity_cond_class","NARS","character","Good,Fair-lowancdep,Poor-acidmine,Naturalorganicacid,NA",238,0.1877,0,0,1015,0.8005,4,"","",""
"Atrazine_detection_class","NARS","character","Non_detect,Detect,Not Assessed,NA,NA",238,0.1877,0,0,694,0.5473,3,"","",""
"Atrazine_cond_class_based_on_2012_EPA_Level_of_Concern","NARS","character","Non_detect,Blw_04ppb,Abv_04ppb,Not Assessed,NA",238,0.1877,0,0,694,0.5473,4,"","",""
"Atrazine_cond_class_based_on_former_EPA_Level_of_Concern","NARS","character","Non_detect,Blw_10ppb,Not Assessed,NA,NA",238,0.1877,0,0,694,0.5473,3,"","",""
"Benthic_macroinvertebrate_MMI_cond_class","NARS","character","Fair,Not Assessed,Good,Poor,NA",238,0.1877,0,0,348,0.2744,4,"","",""
"Cond_for_Chla_indicator_based_on_CHLX","NARS","character","Good,Poor,Fair,Not Assessed,NA",238,0.1877,0,0,584,0.4606,4,"","",""
"WHO_chla_concentration_rec_risk_cond_class_for_littoral_site","NARS","character","Low,Moderate,High,Not Assessed,No Detect",238,0.1877,0,0,554,0.4369,5,"","",""
"WHO_chla_concentration_rec_risk_cond_class_for_index_site","NARS","character","Moderate,Low,High,Not Assessed,No Detect",238,0.1877,0,0,527,0.4156,5,"","",""
"WHO_cyano_cell_density_rec_risk_cond_classes_for_littoral_site","NARS","character","High,Low,Moderate,Not Assessed,NA",238,0.1877,0,0,624,0.4921,4,"","",""
"WHO_cyano_cell_density_rec_risk_cond_classes_for_index_site","NARS","character","High,Low,Moderate,Not Assessed,NA",238,0.1877,0,0,616,0.4858,4,"","",""
"Dissolved_O2_cond_class","NARS","character","High (>=5 Ppm),Moderate (>3-<5 Ppm),Not Assessed,Low (<=3 Ppm),NA",238,0.1877,0,0,932,0.735,4,"","",""
"Lake_level_drawdown_exposure_cond","NARS","character","Small,Not Assessed,Medium,Large,NA",238,0.1877,0,0,732,0.5773,4,"","",""
"Shallow_water_habitat_cond_class","NARS","character","Good,Not Assessed,Fair,Poor,NA",238,0.1877,0,0,583,0.4598,4,"","",""
"Lake_habitat_complexity_cond_class","NARS","character","Good,Not Assessed,Poor,Fair,NA",238,0.1877,0,0,446,0.3517,4,"","",""
"WHO_microcystin_rec_risk_cond_class_for_littoral_site","NARS","character","Low,No Detect,Moderate,High,Not Assessed",238,0.1877,0,0,528,0.4164,5,"","",""
"Microcystin_detection_for_index_site","NARS","character","Detect,No Detect,Not Assessed,NA,NA",238,0.1877,0,0,549,0.433,3,"","",""
"WHO_microcystin_rec_risk_cond_class_for_index_site","NARS","character","Low,No Detect,Moderate,High,Not Assessed",238,0.1877,0,0,549,0.433,5,"","",""
"Cond_class_based_on_TN","NARS","character","Fair,Poor,Good,NA,NA",238,0.1877,0,0,436,0.3438,3,"","",""
"Cond_class_based_on_TP","NARS","character","Good,Poor,Fair,NA,NA",238,0.1877,0,0,424,0.3344,3,"","",""
"Lakeshore_disturbance_cond_class","NARS","character","Fair,Not Assessed,Poor,Good,NA",238,0.1877,0,0,569,0.4487,4,"","",""
"Riparian_vegetation_cond_class","NARS","character","Fair,Not Assessed,Good,Poor,NA",238,0.1877,0,0,452,0.3565,4,"","",""
"Sediment_MHg_cond_class_for_top_sediment_sample","NARS","character","Medium,Low,Not Assessed,High,NA",238,0.1877,0,0,388,0.306,4,"","",""
"Sediment_THg_cond_class_for_bottom_sediment_sample","NARS","character","Not Assessed,Low,Medium,High,NA",238,0.1877,0,0,568,0.4479,4,"","",""
"Sediment_THg_cond_class_for_top_sediment_sample","NARS","character","Medium,Not Assessed,High,Low,NA",238,0.1877,0,0,526,0.4148,4,"","",""
"Trophic_state","NARS","character","Eutrophic,Hypereutrophic,Oligotrophic,Mesotrophic,Not Assessed",238,0.1877,0,0,325,0.2563,5,"","",""
"Cond_of_site_based_on_turbidity","NARS","character","Fair,Poor,Good,Not Assessed,NA",238,0.1877,0,0,536,0.4227,4,"","",""
"Zooplankton_MMI_cond_class","NARS","character","Fair,Poor,Good,Not Assessed,NA",238,0.1877,0,0,434,0.3423,4,"","",""
"SITE_DEPTH_m","NARS","double","0.8,2.5,4.5,8.6,58.5",242,0.1909,0,0,25,0.0197,8.21813459842037,"","",""
"COLOR_RESULT_APHA_Pt_Co","NARS","double","0,12,20,29,724",235,0.1853,7,0.0055,76,0.0599,33.9087864107428,"","",""
"CHLORIDE_RESULT_mg_L","NARS","double","0.04,2.18,8.39,21.59,18012.74",234,0.1845,0,0,11,0.0087,574.888347971377,"","",""
"TN_RESULT_mg_L","NARS","double","0.01,0.33,0.65,1.31,54",234,0.1845,0,0,14,0.011,2.68469909011548,"","",""
"TP_RESULT_ug_L","NARS","double","4,21,42,106.5,3636",234,0.1845,0,0,22,0.0174,289.182548037375,"","",""
"BENTHIC_COND","NARS","character","Poor,Fair,Good,Not Assessed,NA",259,0.2043,0,0,351,0.2768,4,"","",""
"MMI_BENT_NLA12","NARS","double","0,33,43.8,54.6,86.1",350,0.276,1,8e-04,7,0.0055,15.8186415611591,"","",""
"ZOOPLANKTON_COND","NARS","character","Fair,Poor,Good,NA,NA",237,0.1869,0,0,434,0.3423,3,"","",""
"MMI_ZOOP_NLA6","NARS","double","0.05,44.12,57.55,67.6,94.65",237,0.1869,0,0,3,0.0024,17.7377644010271,"","",""
"Aquatic_macrophytes_index","NARS","double","0,0.06,0.26,0.6,1.79",252,0.1987,103,0.0812,103,0.0812,0.348891102129113,"","",""
"MICX_RESULT_ppb","NARS","double","0,0.05,0.09,0.17,66.69",234,0.1845,238,0.1877,238,0.1877,3.68347934703657,"","",""
"ATRAZINE_RESULT_ppb","NARS","double","0,0,0,0.07,9.7",236,0.1861,698,0.5505,698,0.5505,0.500989506488643,"","",""
"Ave_Temp","NARS","double","0,17.79,21.57,25.2,93.07",170,0.1341,2,0.0016,6,0.0047,6.32528685844392,"","",""
"Max_Temp","NARS","double","0,21.1,24.3,27.3,273",170,0.1341,2,0.0016,14,0.011,12.9347975308159,"","",""
"Min_Temp","NARS","double","0,12.5,18.9,23.8,35.5",170,0.1341,2,0.0016,8,0.0063,7.19732128588821,"","",""
"Ave_pH","NARS","double","0,7.2,7.9,8.45,11.87",170,0.1341,7,0.0055,10,0.0079,1.16942295993125,"","",""
"Max_pH","NARS","double","0,7.6,8.36,8.75,23.75",170,0.1341,7,0.0055,63,0.0497,1.26592910058397,"","",""
"Min_pH","NARS","double","0,6.66,7.3,8.2,11.4",170,0.1341,7,0.0055,42,0.0331,1.24648321031161,"","",""
"Ave_CONDUCTIVITY_uS_cm","NARS","double","0,41.97,174.82,426.18,68863.64",170,0.1341,116,0.0915,116,0.0915,3710.42928808103,"","",""
"Max_CONDUCTIVITY_uS_cm","NARS","double","0,52.25,193,465,82000",170,0.1341,116,0.0915,116,0.0915,4146.20362421781,"","",""
"Min_CONDUCTIVITY_uS_cm","NARS","double","0,34,159.5,395.75,66194",170,0.1341,116,0.0915,116,0.0915,3620.11058278092,"","",""
"Ave_OXYGEN_mg_L","NARS","double","0,5.04,6.77,8.19,31.8",170,0.1341,10,0.0079,10,0.0079,2.65392042265325,"","",""
"Max_OXYGEN_mg_L","NARS","double","0,7.3,8.4,9.8,31.8",170,0.1341,10,0.0079,22,0.0174,2.9661711710553,"","",""
"Min_OXYGEN_mg_L","NARS","double","0,0.4,4.2,7.1,31.8",170,0.1341,52,0.041,52,0.041,3.60332585274551,"","",""
"SECCHI_m_use_depth_for_clear_to_bottom","NARS","double","0.02,0.68,1.5,3,28",164,0.1293,0,0,21,0.0166,2.42623409244684,"","",""
"ALUMINUM_RESULT_mg_L","NARS","double","0,0,0,0.01,2.48",1040,0.8202,110,0.0868,110,0.0868,0.1716236581509,"","",""
"AMMONIA_N_RESULT_mg_N_L","NARS","double","0,0.01,0.01,0.03,3.18",1040,0.8202,5,0.0039,25,0.0197,0.215182013859898,"","",""
"ANC_RESULT_ueq_L","NARS","double","-589.6,451.82,1882,2921.75,15329",1040,0.8202,0,0,2,0.0016,1924.92861657579,"","",""
"CALCIUM_RESULT_mg_L","NARS","double","0.48,6.31,23.18,39.64,310.5",1040,0.8202,0,0,2,0.0016,29.7908060567569,"","",""
"CHLORIDE_RESULT_mg_L_1","NARS","double","0.07,1.52,7.57,18.01,18012.74",1040,0.8202,0,0,2,0.0016,1198.16848249322,"","",""
"COLOR_RESULT_APHA_Pt_Co_1","NARS","double","0,9,15,24,150",1040,0.8202,3,0.0024,19,0.015,23.8595791730851,"","",""
"COND_RESULT_uS_cm","NARS","double","10.41,76.67,226.5,445.75,56930",1040,0.8202,0,0,3,0.0024,3808.28203080051,"","",""
"DOC_RESULT_mg_L","NARS","double","0.23,3.55,5.9,8.91,33",1040,0.8202,0,0,3,0.0024,5.73461530363244,"","",""
"MAGNESIUM_RESULT_mg_L","NARS","double","0.25,1.87,7.94,17.96,1023",1040,0.8202,0,0,2,0.0016,70.530749988309,"","",""
"NITRATE_N_RESULT_mg_N_L","NARS","double","0,0,0,0.02,3.49",1040,0.8202,91,0.0718,91,0.0718,0.250374019606565,"","",""
"NITRATE_NITRITE_N_RESULT_mg_N_L","NARS","double","0,0,0,0.02,3.49",1040,0.8202,54,0.0426,54,0.0426,0.310873785597812,"","",""
"NITRITE_N_RESULT_mg_N_L","NARS","double","0,0,0,0,0.01",1040,0.8202,210,0.1656,210,0.1656,0.000936038966387385,"","",""
"PH_RESULT","NARS","double","3.34,7.6,8.34,8.58,10.47",1040,0.8202,0,0,5,0.0039,0.823093702152195,"","",""
"POTASSIUM_RESULT_mg_L","NARS","double","0,0.75,1.73,3.48,388.9",1040,0.8202,2,0.0016,4,0.0032,26.2111549398919,"","",""
"TotalP_RESULT_ug_L_1","NARS","double","5,22,37,72.5,834",1040,0.8202,0,0,7,0.0055,119.989952393201,"","",""
"SILICA_RESULT_mg_L","NARS","double","0.02,2.05,5.84,11.3,56.63",1040,0.8202,0,0,2,0.0016,9.67835626631794,"","",""
"SODIUM_RESULT_mg_L","NARS","double","0.09,2.2,5.62,19.71,11120",1040,0.8202,0,0,2,0.0016,745.466506633756,"","",""
"SULFATE_RESULT_mg_L","NARS","double","0.05,2.65,7.43,25.03,2551.48",1040,0.8202,0,0,9,0.0071,224.381244659715,"","",""
"TOC_RESULT","NARS","double","0,0,0,0,36",1040,0.8202,190,0.1498,190,0.1498,4.63943036257553,"","",""
"TSS_RESULT_mg_L","NARS","double","0,0,0,0,32",1040,0.8202,219,0.1727,219,0.1727,4.08607999595753,"","",""
"TURB_RESULT_NTU","NARS","double","0,1.2,2.46,6.03,82.99",1040,0.8202,5,0.0039,5,0.0039,14.393854737369,"","",""
"d18O_H2O","NARS","double","-17.72,-8.24,-4.73,-1.76,8.21",146,0.1151,0,0,1,8e-04,5.0856252544758,"","",""
"dD_H2O","NARS","double","-136.26,-67.36,-38.76,-19.3,38.69",146,0.1151,0,0,1,8e-04,36.5499464704609,"","",""
"Evap_Inflow_ratio","NARS","double","0,0.09,0.21,0.39,2.43",146,0.1151,26,0.0205,26,0.0205,0.270006839908808,"","",""
"RT_yr","NARS","double","0,0.13,0.36,0.87,134.46",146,0.1151,51,0.0402,51,0.0402,4.10923961694886,"","",""
"Omernik_I","NARS","character","8  EASTERN TEMPERATE FORESTS,13  TEMPERATE SIERRAS,10  NORTH AMERICAN DESERTS,12  SOUTHERN SEMIARID HIGHLANDS,11  MEDITERRANEAN CALIFORNIA",144,0.1136,0,0,438,0.3454,10,"","",""
"Omernik_II","NARS","character","8.4  OZARK/OUACHITA-APPALACHIAN FORESTS,8.3  SOUTHEASTERN USA PLAINS,8.5  MISSISSIPPI ALLUVIAL AND SOUTHEAST USA COASTAL PLAINS,13.1  UPPER GILA MOUNTAINS,10.2  WARM DESERTS",144,0.1136,0,0,152,0.1199,19,"","",""
"Omernik_III","NARS","character","8.4.9  Southwestern Appalachians,8.4.1  Ridge and Valley,8.3.5  Southeastern Plains,8.3.4  Piedmont,8.3.7  South Central Plains",144,0.1136,0,0,69,0.0544,79,"","",""
"Status",NA,"character","Done,Not Done,NA,NA,NA",0,0,0,0,855,0.6743,2,"","",""
"NARS",NA,"character","Yes,NA,NA,NA,NA",144,0.1136,0,0,1124,0.8864,1,"","",""
"COMID","LakeCat","integer","747,5494063.75,10772808.5,18465425.5,167801030",12,0.0095,0,0,1,8e-04,29486892.6005839,"","",""
"CatAreaSqKm","LakeCat","double","0.02,0.77,2.33,7.14,2467.13",12,0.0095,0,0,4,0.0032,118.427465844732,"","",""
"WsAreaSqKm","LakeCat","double","0.02,1.53,7.78,43.37,645020.61",12,0.0095,0,0,3,0.0024,26870.8063079262,"","",""
"CatPctFull","LakeCat","double","63.24,100,100,100,100",12,0.0095,0,0,1253,0.9882,1.29274231000636,"","",""
"WsPctFull","LakeCat","double","46.46,100,100,100,100",12,0.0095,0,0,1243,0.9803,2.58660426826683,"","",""
"inStreamCat","LakeCat","integer","0,0,1,1,1",12,0.0095,463,0.3651,793,0.6254,0.482625657799628,"","",""
"PctAg2006Slp20Cat","LakeCat","double","0,0,0,0,7.94",12,0.0095,1093,0.862,1093,0.862,0.360920238507248,"","",""
"PctAg2006Slp10Cat","LakeCat","double","0,0,0,0.24,25.82",12,0.0095,779,0.6144,779,0.6144,2.17699673165716,"","",""
"PctAg2006Slp20Ws","LakeCat","double","0,0,0,0,7.94",12,0.0095,949,0.7484,949,0.7484,0.432074175290322,"","",""
"PctAg2006Slp10Ws","LakeCat","double","0,0,0,0.4,25.82",12,0.0095,606,0.4779,606,0.4779,2.21249242660186,"","",""
"CBNFCat","LakeCat","double","0,0,0.28,4.43,42.33",12,0.0095,471,0.3715,471,0.3715,7.8351723932435,"","",""
"FertCat","LakeCat","double","0,0,0.9,10.56,148.29",12,0.0095,468,0.3691,468,0.3691,14.5466497172054,"","",""
"ManureCat","LakeCat","double","0,0,0,0.61,73.49",12,0.0095,651,0.5134,651,0.5134,5.08306975866249,"","",""
"CBNFWs","LakeCat","double","0,0,0.48,5.17,44.77",12,0.0095,369,0.291,369,0.291,9.23987293085998,"","",""
"FertWs","LakeCat","double","0,0,1.61,14.4,148.29",12,0.0095,367,0.2894,367,0.2894,16.2339413243508,"","",""
"ManureWs","LakeCat","double","0,0,0.02,0.97,65.07",12,0.0095,556,0.4385,556,0.4385,5.79625515060108,"","",""
"BFICat","LakeCat","double","5.67,32.75,49.8,62,88",12,0.0095,0,0,20,0.0158,18.0991185386909,"","",""
"BFIWs","LakeCat","double","5.76,32.89,49.9,62,88",12,0.0095,0,0,17,0.0134,18.0150591554836,"","",""
"CanalDensCat","LakeCat","double","0,0,0,0,1.57",12,0.0095,1184,0.9338,1184,0.9338,0.100926588559207,"","",""
"CanalDensWs","LakeCat","double","0,0,0,0,1.67",12,0.0095,1112,0.877,1112,0.877,0.104680111972114,"","",""
"CoalMineDensCat","LakeCat","double","0,0,0,0,4.93",12,0.0095,1228,0.9685,1228,0.9685,0.224717980362522,"","",""
"CoalMineDensWs","LakeCat","double","0,0,0,0,4.93",12,0.0095,1202,0.9479,1202,0.9479,0.213069371476399,"","",""
"DamDensCat","LakeCat","double","0,0,0,0.04,8.75",12,0.0095,895,0.7058,895,0.7058,0.606150544264577,"","",""
"DamNIDStorCat","LakeCat","double","0,0,0,125874.56,66796419.55",12,0.0095,897,0.7074,897,0.7074,2735962.78876526,"","",""
"DamNrmStorCat","LakeCat","double","0,0,0,32631.96,35787019.18",12,0.0095,918,0.724,918,0.724,1596720.45931268,"","",""
"DamDensWs","LakeCat","double","0,0,0,0.02,6.57",12,0.0095,766,0.6041,766,0.6041,0.319228270434875,"","",""
"DamNIDStorWs","LakeCat","double","0,0,0,50842.75,27145310.27",12,0.0095,767,0.6049,767,0.6049,821733.00314125,"","",""
"DamNrmStorWs","LakeCat","double","0,0,0,21910.03,14607301.43",12,0.0095,788,0.6215,788,0.6215,470263.711399169,"","",""
"ElevCat","LakeCat","double","-52.51,224.16,372.05,649.09,3823.54",12,0.0095,0,0,2,0.0016,742.933505098069,"","",""
"ElevWs","LakeCat","double","-52.65,241.16,381.32,745.07,3823.54",12,0.0095,0,0,1,8e-04,793.854450320888,"","",""
"NPDESDensCat","LakeCat","double","0,0,0,0,0.07",12,0.0095,1247,0.9834,1247,0.9834,0.00305371283375657,"","",""
"SuperfundDensCat","LakeCat","double","0,0,0,0,1.29",12,0.0095,1243,0.9803,1243,0.9803,0.0369201640305412,"","",""
"TRIDensCat","LakeCat","double","0,0,0,0,2.39",12,0.0095,1214,0.9574,1214,0.9574,0.0923365333382383,"","",""
"NPDESDensWs","LakeCat","double","0,0,0,0,0.22",12,0.0095,1175,0.9267,1175,0.9267,0.00668906247484326,"","",""
"SuperfundDensWs","LakeCat","double","0,0,0,0,0.45",12,0.0095,1170,0.9227,1170,0.9227,0.0131683963091122,"","",""
"TRIDensWs","LakeCat","double","0,0,0,0,2.39",12,0.0095,1103,0.8699,1103,0.8699,0.0946323608128456,"","",""
"PctFire2000Cat","LakeCat","double","0,0,0,0,32.36",12,0.0095,1253,0.9882,1253,0.9882,0.930577856156359,"","",""
"PctFire2001Cat","LakeCat","double","0,0,0,0,13.8",12,0.0095,1251,0.9866,1251,0.9866,0.38970365888786,"","",""
"PctFire2002Cat","LakeCat","double","0,0,0,0,96.34",12,0.0095,1252,0.9874,1252,0.9874,3.29307535240055,"","",""
"PctFire2003Cat","LakeCat","double","0,0,0,0,35.95",12,0.0095,1252,0.9874,1252,0.9874,1.48809325069699,"","",""
"PctFire2004Cat","LakeCat","double","0,0,0,0,10.27",12,0.0095,1254,0.989,1254,0.989,0.304301871190649,"","",""
"PctFire2005Cat","LakeCat","double","0,0,0,0,38.03",12,0.0095,1252,0.9874,1252,0.9874,1.1324898350229,"","",""
"PctFire2006Cat","LakeCat","double","0,0,0,0,8.4",12,0.0095,1253,0.9882,1253,0.9882,0.237260134084676,"","",""
"PctFire2007Cat","LakeCat","double","0,0,0,0,99.36",12,0.0095,1245,0.9819,1245,0.9819,3.02746715324837,"","",""
"PctFire2008Cat","LakeCat","double","0,0,0,0,100",12,0.0095,1251,0.9866,1251,0.9866,3.15256092032457,"","",""
"PctFire2009Cat","LakeCat","double","0,0,0,0,0.64",12,0.0095,1254,0.989,1254,0.989,0.0180968389550857,"","",""
"PctFire2010Cat","LakeCat","integer","0,0,0,0,0",12,0.0095,1256,0.9905,1256,0.9905,0,"","",""
"PctFire2000Ws","LakeCat","double","0,0,0,0,20.26",12,0.0095,1243,0.9803,1243,0.9803,0.573433040649795,"","",""
"PctFire2001Ws","LakeCat","double","0,0,0,0,30.2",12,0.0095,1231,0.9708,1231,0.9708,0.881290202544613,"","",""
"PctFire2002Ws","LakeCat","double","0,0,0,0,50.86",12,0.0095,1223,0.9645,1223,0.9645,1.87351096612492,"","",""
"PctFire2003Ws","LakeCat","double","0,0,0,0,27.7",12,0.0095,1228,0.9685,1228,0.9685,1.0620717172856,"","",""
"PctFire2004Ws","LakeCat","double","0,0,0,0,7.24",12,0.0095,1234,0.9732,1234,0.9732,0.313214122502738,"","",""
"PctFire2005Ws","LakeCat","double","0,0,0,0,45.24",12,0.0095,1231,0.9708,1231,0.9708,1.28507252344219,"","",""
"PctFire2006Ws","LakeCat","double","0,0,0,0,13.03",12,0.0095,1226,0.9669,1226,0.9669,0.621125820719904,"","",""
"PctFire2007Ws","LakeCat","double","0,0,0,0,99.67",12,0.0095,1215,0.9582,1215,0.9582,3.43332572054993,"","",""
"PctFire2008Ws","LakeCat","double","0,0,0,0,80.8",12,0.0095,1229,0.9692,1229,0.9692,3.42651277964053,"","",""
"PctFire2009Ws","LakeCat","double","0,0,0,0,1.17",12,0.0095,1238,0.9763,1238,0.9763,0.0585361401072576,"","",""
"PctFire2010Ws","LakeCat","double","0,0,0,0,1.38",12,0.0095,1232,0.9716,1232,0.9716,0.0541937895220374,"","",""
"PctFrstLoss2001Cat","LakeCat","double","0,0,0,0.01,17.69",12,0.0095,887,0.6995,887,0.6995,0.906658843472358,"","",""
"PctFrstLoss2002Cat","LakeCat","double","0,0,0,0.01,19.09",12,0.0095,904,0.7129,904,0.7129,0.831116212173454,"","",""
"PctFrstLoss2003Cat","LakeCat","double","0,0,0,0,13.39",12,0.0095,999,0.7879,999,0.7879,0.717798471719918,"","",""
"PctFrstLoss2004Cat","LakeCat","double","0,0,0,0.02,23.16",12,0.0095,894,0.705,894,0.705,1.07747834890776,"","",""
"PctFrstLoss2005Cat","LakeCat","double","0,0,0,0.01,35.74",12,0.0095,909,0.7169,909,0.7169,1.30848930934527,"","",""
"PctFrstLoss2006Cat","LakeCat","double","0,0,0,0.01,17.16",12,0.0095,919,0.7248,919,0.7248,0.867293552054975,"","",""
"PctFrstLoss2007Cat","LakeCat","double","0,0,0,0.01,23.47",12,0.0095,898,0.7082,898,0.7082,1.02464348441256,"","",""
"PctFrstLoss2008Cat","LakeCat","double","0,0,0,0.01,20.32",12,0.0095,902,0.7114,902,0.7114,1.08345798564812,"","",""
"PctFrstLoss2009Cat","LakeCat","double","0,0,0,0,13.93",12,0.0095,965,0.761,965,0.761,0.723690957593029,"","",""
"PctFrstLoss2010Cat","LakeCat","double","0,0,0,0,23",12,0.0095,932,0.735,932,0.735,0.75166874222015,"","",""
"PctFrstLoss2011Cat","LakeCat","double","0,0,0,0,10.15",12,0.0095,975,0.7689,975,0.7689,0.615127678020858,"","",""
"PctFrstLoss2012Cat","LakeCat","double","0,0,0,0.01,9.88",12,0.0095,912,0.7192,912,0.7192,0.524761826106973,"","",""
"PctFrstLoss2013Cat","LakeCat","double","0,0,0,0,19.14",12,0.0095,945,0.7453,945,0.7453,0.789351605275115,"","",""
"PctFrstLoss2001Ws","LakeCat","double","0,0,0,0.05,11.08",12,0.0095,681,0.5371,681,0.5371,0.699578393246894,"","",""
"PctFrstLoss2002Ws","LakeCat","double","0,0,0,0.04,23",12,0.0095,663,0.5229,663,0.5229,0.966096169454481,"","",""
"PctFrstLoss2003Ws","LakeCat","double","0,0,0,0.02,13.39",12,0.0095,774,0.6104,774,0.6104,0.694466130331716,"","",""
"PctFrstLoss2004Ws","LakeCat","double","0,0,0,0.07,11.09",12,0.0095,664,0.5237,664,0.5237,0.867352486811671,"","",""
"PctFrstLoss2005Ws","LakeCat","double","0,0,0,0.07,35.74",12,0.0095,674,0.5315,674,0.5315,1.4160356554645,"","",""
"PctFrstLoss2006Ws","LakeCat","double","0,0,0,0.06,13.38",12,0.0095,694,0.5473,694,0.5473,0.706169915934169,"","",""
"PctFrstLoss2007Ws","LakeCat","double","0,0,0,0.05,22.69",12,0.0095,664,0.5237,664,0.5237,0.85474338077778,"","",""
"PctFrstLoss2008Ws","LakeCat","double","0,0,0,0.05,30.57",12,0.0095,666,0.5252,666,0.5252,1.28556107704852,"","",""
"PctFrstLoss2009Ws","LakeCat","double","0,0,0,0.03,13.45",12,0.0095,757,0.597,757,0.597,0.742371626230723,"","",""
"PctFrstLoss2010Ws","LakeCat","double","0,0,0,0.05,10.6",12,0.0095,688,0.5426,688,0.5426,0.536517843992533,"","",""
"PctFrstLoss2011Ws","LakeCat","double","0,0,0,0.03,21.34",12,0.0095,739,0.5828,739,0.5828,0.791707969558651,"","",""
"PctFrstLoss2012Ws","LakeCat","double","0,0,0,0.04,9.88",12,0.0095,702,0.5536,702,0.5536,0.509384893640217,"","",""
"PctFrstLoss2013Ws","LakeCat","double","0,0,0,0.03,11.96",12,0.0095,716,0.5647,716,0.5647,0.569854372732616,"","",""
"Al2O3Cat","LakeCat","double","0.16,8.89,11.55,13.4,21.09",14,0.011,0,0,110,0.0868,3.49881390241205,"","",""
"CaOCat","LakeCat","double","0.2,1.32,2.44,7.22,48.2",14,0.011,0,0,110,0.0868,7.23032080537616,"","",""
"Fe2O3Cat","LakeCat","double","0.6,3.32,6.28,11.06,33.75",14,0.011,0,0,110,0.0868,6.58564440715972,"","",""
"K2OCat","LakeCat","double","0.18,1.62,2.03,2.44,5.52",14,0.011,0,0,110,0.0868,0.728742170377294,"","",""
"MgOCat","LakeCat","double","0.16,1.12,1.47,2.56,26.1",14,0.011,0,0,110,0.0868,2.49976835268862,"","",""
"Na2OCat","LakeCat","double","0.09,0.73,1.24,1.74,4.25",14,0.011,0,0,110,0.0868,0.88871688226224,"","",""
"P2O5Cat","LakeCat","double","0.02,0.12,0.15,0.19,1.94",14,0.011,0,0,110,0.0868,0.132552400817528,"","",""
"SCat","LakeCat","double","0.01,0.03,0.06,0.17,8.28",14,0.011,0,0,110,0.0868,0.499931265177209,"","",""
"SiO2Cat","LakeCat","double","1.87,46.27,56.91,63.49,80.82",14,0.011,0,0,110,0.0868,12.7926985811756,"","",""
"Al2O3Ws","LakeCat","double","0.16,9.03,11.62,13.4,21.09",14,0.011,0,0,106,0.0836,3.43060390433392,"","",""
"CaOWs","LakeCat","double","0.34,1.4,2.85,7.75,48.2",14,0.011,0,0,106,0.0836,7.09794042548728,"","",""
"Fe2O3Ws","LakeCat","double","0.6,3.32,6.02,9.72,33.75",14,0.011,0,0,106,0.0836,6.04400560787619,"","",""
"K2OWs","LakeCat","double","0.18,1.66,2.06,2.51,5.52",14,0.011,0,0,106,0.0836,0.717032172806979,"","",""
"MgOWs","LakeCat","double","0.18,1.19,1.57,2.69,26.1",14,0.011,0,0,106,0.0836,2.42357742089525,"","",""
"Na2OWs","LakeCat","double","0.09,0.76,1.24,1.88,4.25",14,0.011,0,0,106,0.0836,0.905042263351921,"","",""
"P2O5Ws","LakeCat","double","0.02,0.13,0.15,0.19,1.94",14,0.011,0,0,106,0.0836,0.105695305697103,"","",""
"SWs","LakeCat","double","0.01,0.03,0.07,0.17,8.35",14,0.011,0,0,106,0.0836,0.412642344713673,"","",""
"SiO2Ws","LakeCat","double","1.87,46.6,57.61,63.18,80.85",14,0.011,0,0,106,0.0836,12.3554795064144,"","",""
"NCat","LakeCat","double","0,0.04,0.15,0.33,1.59",14,0.011,0,0,121,0.0954,0.239550060535801,"","",""
"NWs","LakeCat","double","0,0.04,0.13,0.27,1.59",14,0.011,0,0,115,0.0907,0.222333716985389,"","",""
"HydrlCondCat","LakeCat","double","0,0.06,0.19,15.89,364.63",14,0.011,0,0,110,0.0868,72.9208498671182,"","",""
"HydrlCondWs","LakeCat","double","0,0.06,0.23,14.03,358.52",14,0.011,0,0,106,0.0836,63.4862154115769,"","",""
"CompStrgthCat","LakeCat","double","0.16,1.28,57.12,98.34,224.01",14,0.011,0,0,110,0.0868,57.7623678799285,"","",""
"CompStrgthWs","LakeCat","double","0.16,1.27,63.18,105.79,224.01",14,0.011,0,0,106,0.0836,57.445066554806,"","",""
"PctImp2006Cat","LakeCat","double","0,0.07,0.31,1,62.36",12,0.0095,183,0.1443,183,0.1443,6.07631076791044,"","",""
"PctImp2006Ws","LakeCat","double","0,0.09,0.33,1.07,62.36",12,0.0095,146,0.1151,146,0.1151,5.95418914830682,"","",""
"PctImp2011Cat","LakeCat","double","0,0.08,0.31,1.03,62.18",12,0.0095,182,0.1435,182,0.1435,6.39579787365104,"","",""
"PctImp2011Ws","LakeCat","double","0,0.09,0.33,1.12,62.18",12,0.0095,145,0.1144,145,0.1144,6.26376794077134,"","",""
"AgKffactCat","LakeCat","double","0,0,0.01,0.07,0.34",12,0.0095,468,0.3691,468,0.3691,0.0690384133766728,"","",""
"KffactCat","LakeCat","double","0,0.2,0.26,0.32,0.55",12,0.0095,0,0,42,0.0331,0.0857504254365913,"","",""
"AgKffactWs","LakeCat","double","0,0,0.01,0.09,0.36",12,0.0095,367,0.2894,367,0.2894,0.0787234767937933,"","",""
"KffactWs","LakeCat","double","0.01,0.22,0.27,0.33,0.55",12,0.0095,0,0,34,0.0268,0.0812736225489031,"","",""
"PctCarbResidCat","LakeCat","double","0,0,0,0,100",12,0.0095,1217,0.9598,1217,0.9598,13.1024859436193,"","",""
"PctNonCarbResidCat","LakeCat","double","0,0,0,0,100",12,0.0095,988,0.7792,988,0.7792,33.6689137001198,"","",""
"PctAlkIntruVolCat","LakeCat","double","0,0,0,0,77.11",12,0.0095,1254,0.989,1254,0.989,2.21418556275183,"","",""
"PctSilicicCat","LakeCat","double","0,0,0,0,100",12,0.0095,1089,0.8588,1089,0.8588,27.3960809269326,"","",""
"PctExtruVolCat","LakeCat","double","0,0,0,0,100",12,0.0095,1229,0.9692,1229,0.9692,9.52714651297835,"","",""
"PctColluvSedCat","LakeCat","double","0,0,0,0,100",12,0.0095,1165,0.9188,1165,0.9188,21.6194612041773,"","",""
"PctGlacTilClayCat","LakeCat","double","0,0,0,0,100",12,0.0095,1223,0.9645,1223,0.9645,13.2725322882057,"","",""
"PctGlacTilLoamCat","LakeCat","double","0,0,0,25.2,100",12,0.0095,897,0.7074,897,0.7074,39.8241868328014,"","",""
"PctGlacTilCrsCat","LakeCat","double","0,0,0,0,100",12,0.0095,1096,0.8644,1096,0.8644,29.2306182712705,"","",""
"PctGlacLakeCrsCat","LakeCat","double","0,0,0,0,100",12,0.0095,1039,0.8194,1039,0.8194,30.141097720661,"","",""
"PctGlacLakeFineCat","LakeCat","double","0,0,0,0,100",12,0.0095,1216,0.959,1216,0.959,11.6084989528634,"","",""
"PctHydricCat","LakeCat","double","0,0,0,0,100",12,0.0095,1241,0.9787,1241,0.9787,7.5314918567102,"","",""
"PctEolCrsCat","LakeCat","double","0,0,0,0,100",12,0.0095,1225,0.9661,1225,0.9661,11.6840289526664,"","",""
"PctEolFineCat","LakeCat","double","0,0,0,0,100",12,0.0095,1229,0.9692,1229,0.9692,8.29508023206279,"","",""
"PctSalLakeCat","LakeCat","double","0,0,0,0,100",12,0.0095,1242,0.9795,1242,0.9795,8.61312520048745,"","",""
"PctAlluvCoastCat","LakeCat","double","0,0,0,0,100",12,0.0095,1030,0.8123,1030,0.8123,28.6486247760954,"","",""
"PctCoastCrsCat","LakeCat","double","0,0,0,0,100",12,0.0095,1238,0.9763,1238,0.9763,8.69126560881581,"","",""
"PctWaterCat","LakeCat","double","0,0,0,0,91.46",12,0.0095,1180,0.9306,1180,0.9306,10.033881008683,"","",""
"PctCarbResidWs","LakeCat","double","0,0,0,0,100",12,0.0095,1170,0.9227,1170,0.9227,13.3203645736516,"","",""
"PctNonCarbResidWs","LakeCat","double","0,0,0,0.55,100",12,0.0095,932,0.735,932,0.735,33.42212647222,"","",""
"PctAlkIntruVolWs","LakeCat","double","0,0,0,0,77.11",12,0.0095,1247,0.9834,1247,0.9834,2.34571105376283,"","",""
"PctSilicicWs","LakeCat","double","0,0,0,0,100",12,0.0095,1041,0.821,1041,0.821,28.8646205258872,"","",""
"PctExtruVolWs","LakeCat","double","0,0,0,0,100",12,0.0095,1210,0.9543,1210,0.9543,9.10644000102472,"","",""
"PctColluvSedWs","LakeCat","double","0,0,0,0,100",12,0.0095,1138,0.8975,1138,0.8975,21.7446354175652,"","",""
"PctGlacTilClayWs","LakeCat","double","0,0,0,0,100",12,0.0095,1217,0.9598,1217,0.9598,13.7344413636806,"","",""
"PctGlacTilLoamWs","LakeCat","double","0,0,0,45.12,100",12,0.0095,864,0.6814,864,0.6814,39.9907898292465,"","",""
"PctGlacTilCrsWs","LakeCat","double","0,0,0,0,100",12,0.0095,1060,0.836,1060,0.836,28.8220274484694,"","",""
"PctGlacLakeCrsWs","LakeCat","double","0,0,0,0,100",12,0.0095,1016,0.8013,1016,0.8013,26.785026281644,"","",""
"PctGlacLakeFineWs","LakeCat","double","0,0,0,0,100",12,0.0095,1204,0.9495,1204,0.9495,9.49631974694411,"","",""
"PctHydricWs","LakeCat","double","0,0,0,0,100",12,0.0095,1239,0.9771,1239,0.9771,5.98566387590836,"","",""
"PctEolCrsWs","LakeCat","double","0,0,0,0,100",12,0.0095,1211,0.955,1211,0.955,11.6395417694676,"","",""
"PctEolFineWs","LakeCat","double","0,0,0,0,100",12,0.0095,1214,0.9574,1214,0.9574,8.36773603343777,"","",""
"PctSalLakeWs","LakeCat","double","0,0,0,0,100",12,0.0095,1239,0.9771,1239,0.9771,5.69866611856451,"","",""
"PctAlluvCoastWs","LakeCat","double","0,0,0,0,100",12,0.0095,990,0.7808,990,0.7808,26.1957876413613,"","",""
"PctCoastCrsWs","LakeCat","double","0,0,0,0,100",12,0.0095,1237,0.9756,1237,0.9756,9.43746495594739,"","",""
"PctWaterWs","LakeCat","double","0,0,0,0,70.21",12,0.0095,1161,0.9156,1161,0.9156,3.46034748020619,"","",""
"MineDensCat","LakeCat","double","0,0,0,0,1.29",12,0.0095,1236,0.9748,1236,0.9748,0.0419920599872982,"","",""
"MineDensWs","LakeCat","double","0,0,0,0,0.49",12,0.0095,1162,0.9164,1162,0.9164,0.0232317366790771,"","",""
"NABD_DensCat","LakeCat","double","0,0,0,0,8.75",12,0.0095,1019,0.8036,1019,0.8036,0.537654869736899,"","",""
"NABD_NIDStorCat","LakeCat","double","0,0,0,0,78195889.11",12,0.0095,1021,0.8052,1021,0.8052,3154029.10394662,"","",""
"NABD_NrmStorCat","LakeCat","double","0,0,0,0,78195889.11",12,0.0095,1036,0.817,1036,0.817,2565803.04144906,"","",""
"NABD_DensWs","LakeCat","double","0,0,0,0.01,3.95",12,0.0095,863,0.6806,863,0.6806,0.190056923304506,"","",""
"NABD_NIDStorWs","LakeCat","double","0,0,0,12895.75,5819642.77",12,0.0095,866,0.683,866,0.683,319987.279028082,"","",""
"NABD_NrmStorWs","LakeCat","double","0,0,0,6200.25,5819642.77",12,0.0095,884,0.6972,884,0.6972,259750.064711056,"","",""
"InorgNWetDep_2008Cat","LakeCat","double","0.16,2.47,3.83,4.7,8.54",14,0.011,0,0,2,0.0016,1.61657904948684,"","",""
"NH4_2008Cat","LakeCat","double","0.12,1.58,2.58,3.61,7.77",14,0.011,0,0,2,0.0016,1.28122663469702,"","",""
"NO3_2008Cat","LakeCat","double","0.27,4.56,6.95,9.72,16.37",14,0.011,0,0,2,0.0016,3.42717562987994,"","",""
"SN_2008Cat","LakeCat","double","16.45,273.42,442.28,579.56,954.1",14,0.011,0,0,2,0.0016,211.436448105398,"","",""
"InorgNWetDep_2008Ws","LakeCat","double","0.16,2.53,3.84,4.72,8.54",14,0.011,0,0,1,8e-04,1.56064010572577,"","",""
"NH4_2008Ws","LakeCat","double","0.12,1.65,2.59,3.6,7.77",14,0.011,0,0,1,8e-04,1.24037496839684,"","",""
"NO3_2008Ws","LakeCat","double","0.28,4.79,6.96,9.75,16.37",14,0.011,0,0,1,8e-04,3.34157626158147,"","",""
"SN_2008Ws","LakeCat","double","16.8,278.49,442.67,582.59,946.12",14,0.011,0,0,1,8e-04,206.284716595858,"","",""
"PctOw2006Cat","LakeCat","double","0,7.1,13.93,24.12,89.29",12,0.0095,18,0.0142,18,0.0142,14.0270273554347,"","",""
"PctIce2006Cat","LakeCat","double","0,0,0,0,15.54",12,0.0095,1251,0.9866,1251,0.9866,0.54868940052152,"","",""
"PctUrbOp2006Cat","LakeCat","double","0,0.07,2.71,5.68,71.53",12,0.0095,307,0.2421,307,0.2421,7.17413388397626,"","",""
"PctUrbLo2006Cat","LakeCat","double","0,0,0.02,1.42,60.3",12,0.0095,617,0.4866,617,0.4866,6.6924294984064,"","",""
"PctUrbMd2006Cat","LakeCat","double","0,0,0,0.06,52.73",12,0.0095,891,0.7027,891,0.7027,4.76937082383724,"","",""
"PctUrbHi2006Cat","LakeCat","double","0,0,0,0,37.21",12,0.0095,1064,0.8391,1064,0.8391,1.83672020940203,"","",""
"PctBl2006Cat","LakeCat","double","0,0,0,0.02,81.54",12,0.0095,932,0.735,932,0.735,4.49227666861955,"","",""
"PctDecid2006Cat","LakeCat","double","0,0,4.86,27.7,93.48",12,0.0095,377,0.2973,377,0.2973,22.2901217743196,"","",""
"PctConif2006Cat","LakeCat","double","0,0,0.89,13.62,98.66",12,0.0095,463,0.3651,463,0.3651,21.1444407964334,"","",""
"PctMxFst2006Cat","LakeCat","double","0,0,0,2.63,61.09",12,0.0095,725,0.5718,725,0.5718,8.98677738240629,"","",""
"PctShrb2006Cat","LakeCat","double","0,0,0.34,5.21,92.58",12,0.0095,529,0.4172,529,0.4172,17.2501602545508,"","",""
"PctGrs2006Cat","LakeCat","double","0,0,0.89,7.84,97.55",12,0.0095,433,0.3415,433,0.3415,19.8091014802047,"","",""
"PctHay2006Cat","LakeCat","double","0,0,0.02,6.48,85.08",12,0.0095,625,0.4929,625,0.4929,11.8928471298758,"","",""
"PctCrop2006Cat","LakeCat","double","0,0,0,10.82,92.75",12,0.0095,658,0.5189,658,0.5189,18.3277554049451,"","",""
"PctWdWet2006Cat","LakeCat","double","0,0,0.67,4.6,77.6",12,0.0095,442,0.3486,442,0.3486,9.91423892220686,"","",""
"PctHbWet2006Cat","LakeCat","double","0,0,0.13,2.04,68.73",12,0.0095,570,0.4495,570,0.4495,5.53267298643127,"","",""
"PctOw2006Ws","LakeCat","double","0,1.94,5.63,13.15,85.53",12,0.0095,12,0.0095,12,0.0095,11.5113325936379,"","",""
"PctIce2006Ws","LakeCat","double","0,0,0,0,15.54",12,0.0095,1223,0.9645,1223,0.9645,0.739210281368098,"","",""
"PctUrbOp2006Ws","LakeCat","double","0,0.47,2.89,5.2,71.53",12,0.0095,254,0.2003,254,0.2003,6.8651759278934,"","",""
"PctUrbLo2006Ws","LakeCat","double","0,0,0.15,1.59,60.3",12,0.0095,481,0.3793,481,0.3793,6.1810275783345,"","",""
"PctUrbMd2006Ws","LakeCat","double","0,0,0,0.13,52.73",12,0.0095,743,0.586,743,0.586,4.55191667122564,"","",""
"PctUrbHi2006Ws","LakeCat","double","0,0,0,0,37.21",12,0.0095,943,0.7437,943,0.7437,2.04073847605844,"","",""
"PctBl2006Ws","LakeCat","double","0,0,0,0.11,81.54",12,0.0095,756,0.5962,756,0.5962,4.91857875803399,"","",""
"PctDecid2006Ws","LakeCat","double","0,0.03,5.88,30.46,96.81",12,0.0095,284,0.224,284,0.224,23.2372981041438,"","",""
"PctConif2006Ws","LakeCat","double","0,0,1.51,15.59,98.66",12,0.0095,363,0.2863,363,0.2863,22.4091614571593,"","",""
"PctMxFst2006Ws","LakeCat","double","0,0,0.01,3.14,61.09",12,0.0095,611,0.4819,611,0.4819,9.1439989929291,"","",""
"PctShrb2006Ws","LakeCat","double","0,0,0.6,7.05,99.28",12,0.0095,429,0.3383,429,0.3383,17.7824595485107,"","",""
"PctGrs2006Ws","LakeCat","double","0,0,1.37,8.84,99.01",12,0.0095,316,0.2492,316,0.2492,20.8750305795061,"","",""
"PctHay2006Ws","LakeCat","double","0,0,0.63,8.65,85.08",12,0.0095,499,0.3935,499,0.3935,12.2562808434911,"","",""
"PctCrop2006Ws","LakeCat","double","0,0,0.31,16.75,97.51",12,0.0095,542,0.4274,542,0.4274,21.2129299954643,"","",""
"PctWdWet2006Ws","LakeCat","double","0,0,0.56,4.34,77.6",12,0.0095,343,0.2705,343,0.2705,9.48304341581028,"","",""
"PctHbWet2006Ws","LakeCat","double","0,0,0.19,1.61,68.73",12,0.0095,458,0.3612,458,0.3612,4.8626472650272,"","",""
"PctOw2011Cat","LakeCat","double","0,7.47,14.16,24.56,85.53",12,0.0095,15,0.0118,15,0.0118,14.0970132822714,"","",""
"PctIce2011Cat","LakeCat","double","0,0,0,0,15.54",12,0.0095,1251,0.9866,1251,0.9866,0.54868940052152,"","",""
"PctUrbOp2011Cat","LakeCat","double","0,0.1,2.77,5.79,71.53",12,0.0095,302,0.2382,302,0.2382,7.30837442537591,"","",""
"PctUrbLo2011Cat","LakeCat","double","0,0,0.05,1.43,54.67",12,0.0095,601,0.474,601,0.474,6.48442313050498,"","",""
"PctUrbMd2011Cat","LakeCat","double","0,0,0,0.13,52.73",12,0.0095,830,0.6546,830,0.6546,5.10794810652024,"","",""
"PctUrbHi2011Cat","LakeCat","double","0,0,0,0,36.19",12,0.0095,1037,0.8178,1037,0.8178,1.9254370055254,"","",""
"PctBl2011Cat","LakeCat","double","0,0,0,0.03,81.54",12,0.0095,917,0.7232,917,0.7232,4.32878167718747,"","",""
"PctDecid2011Cat","LakeCat","double","0,0,4.53,27.78,93.48",12,0.0095,366,0.2886,366,0.2886,22.112507126349,"","",""
"PctConif2011Cat","LakeCat","double","0,0,0.91,13.06,98.66",12,0.0095,464,0.3659,464,0.3659,20.6719029665914,"","",""
"PctMxFst2011Cat","LakeCat","double","0,0,0,2.6,57.92",12,0.0095,718,0.5662,718,0.5662,8.77230807702844,"","",""
"PctShrb2011Cat","LakeCat","double","0,0,0.46,5.66,92.58",12,0.0095,501,0.3951,501,0.3951,17.139556583155,"","",""
"PctGrs2011Cat","LakeCat","double","0,0,1.09,8.14,97.55",12,0.0095,399,0.3147,399,0.3147,19.573060243141,"","",""
"PctHay2011Cat","LakeCat","double","0,0,0.01,6.47,85.08",12,0.0095,627,0.4945,627,0.4945,11.8170757131091,"","",""
"PctCrop2011Cat","LakeCat","double","0,0,0,10.92,91.7",12,0.0095,658,0.5189,658,0.5189,18.2813546250239,"","",""
"PctWdWet2011Cat","LakeCat","double","0,0,0.78,4.66,77.6",12,0.0095,429,0.3383,429,0.3383,9.85385150515716,"","",""
"PctHbWet2011Cat","LakeCat","double","0,0,0.17,2.02,68.73",12,0.0095,546,0.4306,546,0.4306,5.59456738878774,"","",""
"PctOw2011Ws","LakeCat","double","0,2.01,5.9,13.41,85.53",12,0.0095,9,0.0071,9,0.0071,11.5985529052564,"","",""
"PctIce2011Ws","LakeCat","double","0,0,0,0,15.54",12,0.0095,1223,0.9645,1223,0.9645,0.739120967806368,"","",""
"PctUrbOp2011Ws","LakeCat","double","0,0.48,2.98,5.42,71.53",12,0.0095,249,0.1964,249,0.1964,7.019522772691,"","",""
"PctUrbLo2011Ws","LakeCat","double","0,0,0.17,1.61,54.67",12,0.0095,469,0.3699,469,0.3699,5.93232190366902,"","",""
"PctUrbMd2011Ws","LakeCat","double","0,0,0,0.23,52.73",12,0.0095,684,0.5394,684,0.5394,4.86503365567868,"","",""
"PctUrbHi2011Ws","LakeCat","double","0,0,0,0.01,36.19",12,0.0095,898,0.7082,898,0.7082,2.15128152977979,"","",""
"PctBl2011Ws","LakeCat","double","0,0,0,0.15,81.54",12,0.0095,741,0.5844,741,0.5844,4.90896713453178,"","",""
"PctDecid2011Ws","LakeCat","double","0,0.05,5.29,29.54,96.81",12,0.0095,273,0.2153,273,0.2153,23.0387375703291,"","",""
"PctConif2011Ws","LakeCat","double","0,0,1.49,14.81,98.66",12,0.0095,362,0.2855,362,0.2855,21.9611067159214,"","",""
"PctMxFst2011Ws","LakeCat","double","0,0,0.01,2.95,58.11",12,0.0095,604,0.4763,604,0.4763,8.87474686592498,"","",""
"PctShrb2011Ws","LakeCat","double","0,0,0.68,8.02,99.28",12,0.0095,393,0.3099,393,0.3099,17.7713189791818,"","",""
"PctGrs2011Ws","LakeCat","double","0,0.08,1.56,8.86,99.01",12,0.0095,286,0.2256,286,0.2256,20.670867242393,"","",""
"PctHay2011Ws","LakeCat","double","0,0,0.6,8.6,85.08",12,0.0095,501,0.3951,501,0.3951,12.1801002551465,"","",""
"PctCrop2011Ws","LakeCat","double","0,0,0.29,16.47,97.39",12,0.0095,543,0.4282,543,0.4282,21.1761750367904,"","",""
"PctWdWet2011Ws","LakeCat","double","0,0,0.59,4.82,77.6",12,0.0095,334,0.2634,334,0.2634,9.43609274490514,"","",""
"PctHbWet2011Ws","LakeCat","double","0,0,0.24,1.65,68.73",12,0.0095,432,0.3407,432,0.3407,4.85572719009448,"","",""
"PctNonAgIntrodManagVegCat","LakeCat","double","0,0,0,1.46,82.14",12,0.0095,639,0.5039,639,0.5039,9.59182281441209,"","",""
"PctNonAgIntrodManagVegWs","LakeCat","double","0,0,0.04,1.72,79.19",12,0.0095,545,0.4298,545,0.4298,9.90542619403278,"","",""
"PctNo_GAP_StatusCat","LakeCat","double","0,24.11,85.82,100,100",12,0.0095,183,0.1443,438,0.3454,40.1296475229369,"","",""
"PctGAP_Status1Cat","LakeCat","double","0,0,0,0,100",12,0.0095,1165,0.9188,1165,0.9188,16.8974204806905,"","",""
"PctGAP_Status2Cat","LakeCat","double","0,0,0,0,100",12,0.0095,942,0.7429,942,0.7429,21.9663437104788,"","",""
"PctGAP_Status3Cat","LakeCat","double","0,0,0,13.45,100",12,0.0095,795,0.627,795,0.627,31.5845591523075,"","",""
"PctGAP_Status4Cat","LakeCat","double","0,0,0,0,100",12,0.0095,947,0.7468,947,0.7468,21.6961714023564,"","",""
"PctNo_GAP_StatusWs","LakeCat","double","0,25.21,87.19,100,100",12,0.0095,156,0.123,337,0.2658,39.1728912708227,"","",""
"PctGAP_Status1Ws","LakeCat","double","0,0,0,0,100",12,0.0095,1076,0.8486,1076,0.8486,18.4691484392971,"","",""
"PctGAP_Status2Ws","LakeCat","double","0,0,0,1.52,100",12,0.0095,793,0.6254,793,0.6254,19.2591582727007,"","",""
"PctGAP_Status3Ws","LakeCat","double","0,0,0,13.87,100",12,0.0095,654,0.5158,654,0.5158,30.0342946902341,"","",""
"PctGAP_Status4Ws","LakeCat","double","0,0,0,0.74,100",12,0.0095,824,0.6498,824,0.6498,20.0175431754858,"","",""
"Pestic97Cat","LakeCat","double","0,0.08,4.43,32.89,5444.5",12,0.0095,208,0.164,208,0.164,228.813968250866,"","",""
"Pestic97Ws","LakeCat","double","0,0.15,5.37,36.71,5444.5",12,0.0095,171,0.1349,171,0.1349,230.068022833375,"","",""
"Precip08Cat","LakeCat","double","62.46,654.21,951.85,1284.41,2900.59",12,0.0095,0,0,2,0.0016,423.389714532669,"","",""
"Precip09Cat","LakeCat","double","18.64,636.18,931,1289.75,2803.96",12,0.0095,0,0,2,0.0016,439.832252273712,"","",""
"Tmean08Cat","LakeCat","double","-1.31,4.93,7.74,11.63,24.14",12,0.0095,0,0,2,0.0016,5.11968948626483,"","",""
"Tmean09Cat","LakeCat","double","-1.02,4.82,7.69,11.74,24.08",12,0.0095,0,0,2,0.0016,5.10036973441232,"","",""
"Precip08Ws","LakeCat","double","62.46,663.51,981.87,1298.01,3056.43",12,0.0095,0,0,2,0.0016,416.846074787917,"","",""
"Precip09Ws","LakeCat","double","18.64,642.62,954.84,1294.24,3205.15",12,0.0095,0,0,2,0.0016,435.412050351431,"","",""
"Tmean08Ws","LakeCat","double","-1.57,4.78,7.51,11.41,23.82",12,0.0095,0,0,2,0.0016,5.08302221823293,"","",""
"Tmean09Ws","LakeCat","double","-1.38,4.73,7.38,11.55,24.04",12,0.0095,0,0,2,0.0016,5.06224954091688,"","",""
"Precip8110Cat","LakeCat","double","67.01,639.2,900.46,1166.99,3256.45",12,0.0095,0,0,2,0.0016,375.508714336864,"","",""
"Tmax8110Cat","LakeCat","double","4.69,15.5,26,29.78,41.72",12,0.0095,0,0,4,0.0032,8.14831997335463,"","",""
"Tmean8110Cat","LakeCat","double","-3.18,5.57,8.18,12.37,23.52",12,0.0095,0,0,2,0.0016,4.92254835363878,"","",""
"Tmin8110Cat","LakeCat","double","-22.5,-10.77,-3.12,0.88,17.15",12,0.0095,0,0,4,0.0032,8.10055404128056,"","",""
"Precip8110Ws","LakeCat","double","67.04,652.39,926.36,1176.62,3256.45",12,0.0095,0,0,1,8e-04,377.324689055966,"","",""
"Tmax8110Ws","LakeCat","double","4.66,15.42,25.48,28.99,41.18",12,0.0095,0,0,2,0.0016,7.95940221054315,"","",""
"Tmean8110Ws","LakeCat","double","-3.18,5.34,7.8,12.04,23.52",12,0.0095,0,0,1,8e-04,4.92694831810145,"","",""
"Tmin8110Ws","LakeCat","double","-22.29,-10.9,-3.43,0.69,17.09",12,0.0095,0,0,1,8e-04,8.09587727891966,"","",""
"RdDensCat","LakeCat","double","0,0.8,1.42,2.35,16.44",18,0.0142,59,0.0465,59,0.0465,2.08527264763931,"","",""
"RdDensWs","LakeCat","double","0,0.81,1.4,2.19,16.51",17,0.0134,48,0.0379,48,0.0379,1.91832444280845,"","",""
"RdCrsCat","LakeCat","double","0,0,0,0,105.82",12,0.0095,1033,0.8147,1033,0.8147,3.01804734789086,"","",""
"RdCrsWs","LakeCat","double","0,0,0,0.29,105.82",12,0.0095,649,0.5118,649,0.5118,3.0007964384756,"","",""
"RunoffCat","LakeCat","double","1,96.03,282,490.25,3496.32",12,0.0095,0,0,17,0.0134,303.288755892448,"","",""
"RunoffWs","LakeCat","double","2,96.19,286,490.61,3601.59",12,0.0095,0,0,15,0.0118,303.3765354564,"","",""
"ClayCat","LakeCat","double","1.07,10.09,19.11,27.38,65.83",13,0.0103,0,0,8,0.0063,11.2887766341789,"","",""
"SandCat","LakeCat","double","0.52,23.92,35.61,50.81,93.09",13,0.0103,0,0,5,0.0039,20.0431361891235,"","",""
"ClayWs","LakeCat","double","1.83,10.7,19.66,27.64,65.46",12,0.0095,0,0,8,0.0063,11.0354230062738,"","",""
"SandWs","LakeCat","double","3.92,24.05,35.3,49.8,92.15",12,0.0095,0,0,5,0.0039,19.5097763750189,"","",""
"OmCat","LakeCat","double","0.02,0.6,1.1,2.32,65.63",15,0.0118,0,0,10,0.0079,5.16883932911194,"","",""
"PermCat","LakeCat","double","0.18,3.14,5.96,12.72,46.6",14,0.011,0,0,10,0.0079,8.57846285890202,"","",""
"RckdepCat","LakeCat","double","5.23,120.11,148.97,152.4,162.8",14,0.011,0,0,521,0.4109,26.3585025010788,"","",""
"WtDepCat","LakeCat","double","1.82,113.16,147.03,175.2,183.41",14,0.011,0,0,146,0.1151,39.7566499090007,"","",""
"OmWs","LakeCat","double","0.1,0.62,1.13,2.35,55.06",13,0.0103,0,0,9,0.0071,4.04704315056415,"","",""
"PermWs","LakeCat","double","0.31,3.25,5.99,11.12,46.6",13,0.0103,0,0,8,0.0063,8.09481331806135,"","",""
"RckdepWs","LakeCat","double","41.36,118.66,147.82,152.4,152.4",13,0.0103,0,0,469,0.3699,24.7018701145893,"","",""
"WtDepWs","LakeCat","double","1.82,115.64,148.28,175.62,182.88",13,0.0103,0,0,114,0.0899,38.6672849364583,"","",""
"HUDen2010Cat","LakeCat","double","0,0.98,4.13,14.42,1258.89",12,0.0095,1,8e-04,7,0.0055,122.34720750597,"","",""
"PopDen2010Cat","LakeCat","double","0,1.44,7.31,27.99,3134.98",12,0.0095,1,8e-04,7,0.0055,272.141594735407,"","",""
"HUDen2010Ws","LakeCat","double","0,1.02,4.28,13.93,1258.89",12,0.0095,1,8e-04,5,0.0039,116.178040050872,"","",""
"PopDen2010Ws","LakeCat","double","0,1.51,7.59,28.33,3134.98",12,0.0095,1,8e-04,5,0.0039,261.766313498549,"","",""
"WetIndexCat","LakeCat","double","224.92,655.67,809.44,950,1960.49",12,0.0095,0,0,2,0.0016,237.361937350965,"","",""
"WetIndexWs","LakeCat","double","224.92,635.52,751.07,870.49,1698.91",12,0.0095,0,0,1,8e-04,187.187944083671,"","",""
"LakeCat",NA,"character","Yes,NA,NA,NA,NA",12,0.0095,0,0,1256,0.9905,1,"","",""
"Percent_SMHG",NA,"double","0,0.01,0.01,0.02,1.59",175,0.138,0,0,2,0.0016,0.0505731906711818,"","",""
"STHG_LOI_ratio",NA,"double","0.12,3.36,5.15,7.71,1330.14",176,0.1388,0,0,1,8e-04,48.160074023261,"","",""
